txn_id,date,direction,amount,category,description,counterparty
UPI20260601126691,2026-06-01,CREDIT,125.95,CUSTOMER_RECEIPT,UPI-QR Payment received bharatpe@icici,Customer_402
UPI20260601257212,2026-06-01,CREDIT,18.83,CUSTOMER_RECEIPT,UPI-QR Payment received gpay@okaxis,Customer_158
UPI20260601372028,2026-06-01,CREDIT,10.0,CUSTOMER_RECEIPT,UPI-QR Payment received bharatpe@icici,Customer_514
UPI20260601435109,2026-06-01,CREDIT,103.96,CUSTOMER_RECEIPT,UPI-QR Payment received gpay@okaxis,Customer_838
UPI20260601507135,2026-06-01,CREDIT,282.79,CUSTOMER_RECEIPT,UPI-QR Payment received paytm@upi,Customer_697
UPI20260601769320,2026-06-01,DEBIT,1760.85,BUSINESS_EXPENSE,"Inventory purchase (Tea, milk, spices, packaging)",dairy_distributor@icici
UPI20260601783112,2026-06-01,CREDIT,22.95,CUSTOMER_RECEIPT,UPI-QR Payment received phonepe@ybl,Customer_292
UPI20260601842464,2026-06-01,CREDIT,10.0,CUSTOMER_RECEIPT,UPI-QR Payment received gpay@okaxis,Customer_451
UPI20260601944554,2026-06-01,CREDIT,11.35,CUSTOMER_RECEIPT,UPI-QR Payment received bharatpe@icici,Customer_776
UPI20260602202344,2026-06-02,CREDIT,263.89,CUSTOMER_RECEIPT,UPI-QR Payment received bharatpe@icici,Customer_231
UPI20260602278243,2026-06-02,CREDIT,159.11,CUSTOMER_RECEIPT,UPI-QR Payment received gpay@okaxis,Customer_400
UPI20260602422002,2026-06-02,CREDIT,10.76,CUSTOMER_RECEIPT,UPI-QR Payment received bharatpe@icici,Customer_907
UPI20260602451936,2026-06-02,CREDIT,53.44,CUSTOMER_RECEIPT,UPI-QR Payment received paytm@upi,Customer_327
UPI20260602472541,2026-06-02,CREDIT,217.33,CUSTOMER_RECEIPT,UPI-QR Payment received gpay@okaxis,Customer_862
UPI20260602475911,2026-06-02,CREDIT,100.43,CUSTOMER_RECEIPT,UPI-QR Payment received phonepe@ybl,Customer_965
UPI20260602876909,2026-06-02,CREDIT,161.35,CUSTOMER_RECEIPT,UPI-QR Payment received phonepe@ybl,Customer_842
UPI20260602947609,2026-06-02,CREDIT,208.52,CUSTOMER_RECEIPT,UPI-QR Payment received gpay@okaxis,Customer_796
UPI20260603223502,2026-06-03,CREDIT,97.2,CUSTOMER_RECEIPT,UPI-QR Payment received bharatpe@icici,Customer_154
UPI20260603303993,2026-06-03,CREDIT,73.78,CUSTOMER_RECEIPT,UPI-QR Payment received paytm@upi,Customer_988
UPI20260603408334,2026-06-03,CREDIT,275.97,CUSTOMER_RECEIPT,UPI-QR Payment received bharatpe@icici,Customer_971
UPI20260603412848,2026-06-03,CREDIT,91.59,CUSTOMER_RECEIPT,UPI-QR Payment received bharatpe@icici,Customer_155
UPI20260603697062,2026-06-03,DEBIT,1279.74,BUSINESS_EXPENSE,"Inventory purchase (Tea, milk, spices, packaging)",dairy_distributor@icici
UPI20260603765213,2026-06-03,CREDIT,208.31,CUSTOMER_RECEIPT,UPI-QR Payment received paytm@upi,Customer_583
UPI20260603813763,2026-06-03,CREDIT,126.42,CUSTOMER_RECEIPT,UPI-QR Payment received bharatpe@icici,Customer_642
UPI20260603995735,2026-06-03,CREDIT,161.17,CUSTOMER_RECEIPT,UPI-QR Payment received gpay@okaxis,Customer_240
UPI20260604289117,2026-06-04,CREDIT,10.0,CUSTOMER_RECEIPT,UPI-QR Payment received paytm@upi,Customer_599
UPI20260604448787,2026-06-04,CREDIT,10.0,CUSTOMER_RECEIPT,UPI-QR Payment received gpay@okaxis,Customer_420
UPI20260604574012,2026-06-04,CREDIT,17.03,CUSTOMER_RECEIPT,UPI-QR Payment received phonepe@ybl,Customer_314
UPI20260604600590,2026-06-04,DEBIT,1364.75,BUSINESS_EXPENSE,"Inventory purchase (Tea, milk, spices, packaging)",dairy_distributor@icici
UPI20260604744328,2026-06-04,CREDIT,40.25,CUSTOMER_RECEIPT,UPI-QR Payment received bharatpe@icici,Customer_748
UPI20260604765320,2026-06-04,CREDIT,27.81,CUSTOMER_RECEIPT,UPI-QR Payment received paytm@upi,Customer_104
UPI20260604898169,2026-06-04,CREDIT,201.25,CUSTOMER_RECEIPT,UPI-QR Payment received gpay@okaxis,Customer_690
UPI20260604901619,2026-06-04,CREDIT,24.25,CUSTOMER_RECEIPT,UPI-QR Payment received gpay@okaxis,Customer_601
UPI20260604923353,2026-06-04,CREDIT,364.88,CUSTOMER_RECEIPT,UPI-QR Payment received paytm@upi,Customer_232
ACH20260605578073,2026-06-05,DEBIT,2100.0,EMI_DEBT,Equipment Micro-Loan Auto-Debit EMI,MFI_Lending_NBFC
UPI20260605235193,2026-06-05,CREDIT,134.08,CUSTOMER_RECEIPT,UPI-QR Payment received paytm@upi,Customer_492
UPI20260605309100,2026-06-05,CREDIT,21.22,CUSTOMER_RECEIPT,UPI-QR Payment received phonepe@ybl,Customer_114
UPI20260605412687,2026-06-05,DEBIT,1953.38,BUSINESS_EXPENSE,"Inventory purchase (Tea, milk, spices, packaging)",dairy_distributor@icici
UPI20260605437864,2026-06-05,CREDIT,164.6,CUSTOMER_RECEIPT,UPI-QR Payment received gpay@okaxis,Customer_118
UPI20260605627786,2026-06-05,CREDIT,27.38,CUSTOMER_RECEIPT,UPI-QR Payment received phonepe@ybl,Customer_271
UPI20260605809621,2026-06-05,CREDIT,113.49,CUSTOMER_RECEIPT,UPI-QR Payment received paytm@upi,Customer_741
UPI20260605827213,2026-06-05,CREDIT,85.56,CUSTOMER_RECEIPT,UPI-QR Payment received phonepe@ybl,Customer_419
UPI20260605869238,2026-06-05,CREDIT,72.79,CUSTOMER_RECEIPT,UPI-QR Payment received gpay@okaxis,Customer_331
UPI20260606297579,2026-06-06,CREDIT,40.71,CUSTOMER_RECEIPT,UPI-QR Payment received gpay@okaxis,Customer_931
UPI20260606335217,2026-06-06,CREDIT,13.71,CUSTOMER_RECEIPT,UPI-QR Payment received gpay@okaxis,Customer_316
UPI20260606522986,2026-06-06,CREDIT,208.55,CUSTOMER_RECEIPT,UPI-QR Payment received paytm@upi,Customer_333
UPI20260606613989,2026-06-06,CREDIT,192.2,CUSTOMER_RECEIPT,UPI-QR Payment received phonepe@ybl,Customer_868
UPI20260606649577,2026-06-06,CREDIT,1025.89,CUSTOMER_RECEIPT,UPI-QR Payment received phonepe@ybl,Customer_544
UPI20260606820141,2026-06-06,CREDIT,673.24,CUSTOMER_RECEIPT,UPI-QR Payment received gpay@okaxis,Customer_450
UPI20260606869735,2026-06-06,CREDIT,10.0,CUSTOMER_RECEIPT,UPI-QR Payment received paytm@upi,Customer_703
UPI20260607150290,2026-06-07,CREDIT,166.06,CUSTOMER_RECEIPT,UPI-QR Payment received paytm@upi,Customer_769
UPI20260607565897,2026-06-07,CREDIT,54.28,CUSTOMER_RECEIPT,UPI-QR Payment received bharatpe@icici,Customer_226
UPI20260607660708,2026-06-07,CREDIT,259.15,CUSTOMER_RECEIPT,UPI-QR Payment received paytm@upi,Customer_708
UPI20260607673867,2026-06-07,CREDIT,59.28,CUSTOMER_RECEIPT,UPI-QR Payment received phonepe@ybl,Customer_585
UPI20260607771425,2026-06-07,CREDIT,79.4,CUSTOMER_RECEIPT,UPI-QR Payment received phonepe@ybl,Customer_889
UPI20260607782141,2026-06-07,CREDIT,38.1,CUSTOMER_RECEIPT,UPI-QR Payment received paytm@upi,Customer_484
UPI20260607819050,2026-06-07,DEBIT,1087.69,BUSINESS_EXPENSE,"Inventory purchase (Tea, milk, spices, packaging)",subzi_mandi@axis
UPI20260607823255,2026-06-07,CREDIT,70.86,CUSTOMER_RECEIPT,UPI-QR Payment received paytm@upi,Customer_526
UPI20260607976735,2026-06-07,CREDIT,173.56,CUSTOMER_RECEIPT,UPI-QR Payment received paytm@upi,Customer_149
UPI20260608219550,2026-06-08,CREDIT,159.44,CUSTOMER_RECEIPT,UPI-QR Payment received paytm@upi,Customer_609
UPI20260608645583,2026-06-08,CREDIT,10.0,CUSTOMER_RECEIPT,UPI-QR Payment received phonepe@ybl,Customer_737
UPI20260608735053,2026-06-08,CREDIT,249.0,CUSTOMER_RECEIPT,UPI-QR Payment received gpay@okaxis,Customer_528
UPI20260608793805,2026-06-08,CREDIT,542.28,CUSTOMER_RECEIPT,UPI-QR Payment received paytm@upi,Customer_778
UPI20260608853681,2026-06-08,CREDIT,71.25,CUSTOMER_RECEIPT,UPI-QR Payment received paytm@upi,Customer_389
UPI20260608971002,2026-06-08,CREDIT,106.67,CUSTOMER_RECEIPT,UPI-QR Payment received paytm@upi,Customer_623
UPI20260609193326,2026-06-09,DEBIT,817.85,BUSINESS_EXPENSE,"Inventory purchase (Tea, milk, spices, packaging)",kirana_supplier@upi
UPI20260609268163,2026-06-09,CREDIT,431.73,CUSTOMER_RECEIPT,UPI-QR Payment received paytm@upi,Customer_661
UPI20260609604012,2026-06-09,CREDIT,60.58,CUSTOMER_RECEIPT,UPI-QR Payment received phonepe@ybl,Customer_340
UPI20260609620465,2026-06-09,CREDIT,102.38,CUSTOMER_RECEIPT,UPI-QR Payment received gpay@okaxis,Customer_804
UPI20260609837606,2026-06-09,CREDIT,386.36,CUSTOMER_RECEIPT,UPI-QR Payment received bharatpe@icici,Customer_402
UPI20260609971889,2026-06-09,CREDIT,124.65,CUSTOMER_RECEIPT,UPI-QR Payment received gpay@okaxis,Customer_466
UPI20260610152512,2026-06-10,CREDIT,166.42,CUSTOMER_RECEIPT,UPI-QR Payment received paytm@upi,Customer_932
UPI20260610221531,2026-06-10,DEBIT,1396.39,BUSINESS_EXPENSE,"Inventory purchase (Tea, milk, spices, packaging)",kirana_supplier@upi
UPI20260610283188,2026-06-10,CREDIT,17.77,CUSTOMER_RECEIPT,UPI-QR Payment received paytm@upi,Customer_972
UPI20260610404681,2026-06-10,CREDIT,158.51,CUSTOMER_RECEIPT,UPI-QR Payment received phonepe@ybl,Customer_920
UPI20260610410401,2026-06-10,CREDIT,125.79,CUSTOMER_RECEIPT,UPI-QR Payment received phonepe@ybl,Customer_575
UPI20260610618105,2026-06-10,CREDIT,113.05,CUSTOMER_RECEIPT,UPI-QR Payment received gpay@okaxis,Customer_192
UPI20260610775636,2026-06-10,CREDIT,122.89,CUSTOMER_RECEIPT,UPI-QR Payment received gpay@okaxis,Customer_567
UPI20260610858724,2026-06-10,CREDIT,29.8,CUSTOMER_RECEIPT,UPI-QR Payment received paytm@upi,Customer_362
UPI20260610917392,2026-06-10,CREDIT,306.71,CUSTOMER_RECEIPT,UPI-QR Payment received paytm@upi,Customer_840
UPI20260610992596,2026-06-10,DEBIT,3637.31,BUSINESS_EXPENSE,Monthly Stall Fee & Electricity Bill,Municipal_Stall_Board
UPI20260611381342,2026-06-11,CREDIT,51.01,CUSTOMER_RECEIPT,UPI-QR Payment received paytm@upi,Customer_481
UPI20260611474894,2026-06-11,CREDIT,37.25,CUSTOMER_RECEIPT,UPI-QR Payment received bharatpe@icici,Customer_736
UPI20260611578715,2026-06-11,DEBIT,1361.09,BUSINESS_EXPENSE,"Inventory purchase (Tea, milk, spices, packaging)",dairy_distributor@icici
UPI20260611795578,2026-06-11,CREDIT,450.87,CUSTOMER_RECEIPT,UPI-QR Payment received gpay@okaxis,Customer_436
UPI20260611954551,2026-06-11,CREDIT,668.46,CUSTOMER_RECEIPT,UPI-QR Payment received phonepe@ybl,Customer_287
UPI20260612238948,2026-06-12,CREDIT,85.41,CUSTOMER_RECEIPT,UPI-QR Payment received paytm@upi,Customer_964
UPI20260612267138,2026-06-12,CREDIT,35.78,CUSTOMER_RECEIPT,UPI-QR Payment received paytm@upi,Customer_526
UPI20260612476018,2026-06-12,CREDIT,56.08,CUSTOMER_RECEIPT,UPI-QR Payment received paytm@upi,Customer_983
UPI20260612542226,2026-06-12,CREDIT,242.78,CUSTOMER_RECEIPT,UPI-QR Payment received gpay@okaxis,Customer_215
UPI20260612696580,2026-06-12,CREDIT,74.26,CUSTOMER_RECEIPT,UPI-QR Payment received bharatpe@icici,Customer_285
UPI20260612719446,2026-06-12,CREDIT,257.8,CUSTOMER_RECEIPT,UPI-QR Payment received bharatpe@icici,Customer_921
UPI20260612741018,2026-06-12,CREDIT,91.13,CUSTOMER_RECEIPT,UPI-QR Payment received bharatpe@icici,Customer_897
UPI20260612991993,2026-06-12,CREDIT,25.16,CUSTOMER_RECEIPT,UPI-QR Payment received bharatpe@icici,Customer_919
UPI20260613148205,2026-06-13,CREDIT,35.0,CUSTOMER_RECEIPT,UPI-QR Payment received paytm@upi,Customer_367
UPI20260613218423,2026-06-13,CREDIT,176.19,CUSTOMER_RECEIPT,UPI-QR Payment received bharatpe@icici,Customer_551
UPI20260613454733,2026-06-13,CREDIT,58.53,CUSTOMER_RECEIPT,UPI-QR Payment received paytm@upi,Customer_543
UPI20260613772561,2026-06-13,DEBIT,1729.19,BUSINESS_EXPENSE,"Inventory purchase (Tea, milk, spices, packaging)",dairy_distributor@icici
UPI20260613786789,2026-06-13,CREDIT,97.24,CUSTOMER_RECEIPT,UPI-QR Payment received phonepe@ybl,Customer_112
UPI20260613793856,2026-06-13,CREDIT,209.6,CUSTOMER_RECEIPT,UPI-QR Payment received gpay@okaxis,Customer_593
UPI20260613838793,2026-06-13,CREDIT,683.56,CUSTOMER_RECEIPT,UPI-QR Payment received gpay@okaxis,Customer_785
UPI20260614152796,2026-06-14,CREDIT,11.27,CUSTOMER_RECEIPT,UPI-QR Payment received gpay@okaxis,Customer_663
UPI20260614352593,2026-06-14,CREDIT,39.76,CUSTOMER_RECEIPT,UPI-QR Payment received phonepe@ybl,Customer_384
UPI20260614619920,2026-06-14,CREDIT,516.92,CUSTOMER_RECEIPT,UPI-QR Payment received gpay@okaxis,Customer_176
UPI20260614742686,2026-06-14,CREDIT,58.08,CUSTOMER_RECEIPT,UPI-QR Payment received paytm@upi,Customer_111
UPI20260614774652,2026-06-14,CREDIT,219.27,CUSTOMER_RECEIPT,UPI-QR Payment received gpay@okaxis,Customer_617
UPI20260614887931,2026-06-14,CREDIT,89.3,CUSTOMER_RECEIPT,UPI-QR Payment received bharatpe@icici,Customer_428
UPI20260614990079,2026-06-14,CREDIT,20.71,CUSTOMER_RECEIPT,UPI-QR Payment received bharatpe@icici,Customer_972
UPI20260615182659,2026-06-15,CREDIT,40.37,CUSTOMER_RECEIPT,UPI-QR Payment received bharatpe@icici,Customer_554
UPI20260615431414,2026-06-15,CREDIT,383.1,CUSTOMER_RECEIPT,UPI-QR Payment received paytm@upi,Customer_609
UPI20260615532368,2026-06-15,DEBIT,943.7,BUSINESS_EXPENSE,"Inventory purchase (Tea, milk, spices, packaging)",kirana_supplier@upi
UPI20260615940183,2026-06-15,CREDIT,159.17,CUSTOMER_RECEIPT,UPI-QR Payment received bharatpe@icici,Customer_190
UPI20260615998198,2026-06-15,CREDIT,89.19,CUSTOMER_RECEIPT,UPI-QR Payment received bharatpe@icici,Customer_557
UPI20260616480992,2026-06-16,DEBIT,2130.5,BUSINESS_EXPENSE,"Inventory purchase (Tea, milk, spices, packaging)",kirana_supplier@upi
UPI20260616689648,2026-06-16,CREDIT,293.74,CUSTOMER_RECEIPT,UPI-QR Payment received gpay@okaxis,Customer_770
UPI20260616733553,2026-06-16,CREDIT,87.49,CUSTOMER_RECEIPT,UPI-QR Payment received phonepe@ybl,Customer_620
UPI20260616966028,2026-06-16,CREDIT,172.45,CUSTOMER_RECEIPT,UPI-QR Payment received paytm@upi,Customer_910
UPI20260617448098,2026-06-17,CREDIT,204.85,CUSTOMER_RECEIPT,UPI-QR Payment received bharatpe@icici,Customer_833
UPI20260617457938,2026-06-17,CREDIT,222.63,CUSTOMER_RECEIPT,UPI-QR Payment received phonepe@ybl,Customer_949
UPI20260617574514,2026-06-17,CREDIT,30.63,CUSTOMER_RECEIPT,UPI-QR Payment received paytm@upi,Customer_199
UPI20260617764441,2026-06-17,CREDIT,182.01,CUSTOMER_RECEIPT,UPI-QR Payment received phonepe@ybl,Customer_660
UPI20260617789089,2026-06-17,CREDIT,30.52,CUSTOMER_RECEIPT,UPI-QR Payment received phonepe@ybl,Customer_833
UPI20260617896204,2026-06-17,CREDIT,10.0,CUSTOMER_RECEIPT,UPI-QR Payment received gpay@okaxis,Customer_102
UPI20260618272129,2026-06-18,CREDIT,206.99,CUSTOMER_RECEIPT,UPI-QR Payment received bharatpe@icici,Customer_243
UPI20260618366641,2026-06-18,CREDIT,526.82,CUSTOMER_RECEIPT,UPI-QR Payment received gpay@okaxis,Customer_292
UPI20260618961760,2026-06-18,CREDIT,597.83,CUSTOMER_RECEIPT,UPI-QR Payment received bharatpe@icici,Customer_209
UPI20260619104548,2026-06-19,DEBIT,2149.4,BUSINESS_EXPENSE,"Inventory purchase (Tea, milk, spices, packaging)",subzi_mandi@axis
UPI20260619326061,2026-06-19,CREDIT,152.39,CUSTOMER_RECEIPT,UPI-QR Payment received bharatpe@icici,Customer_944
UPI20260619454349,2026-06-19,CREDIT,39.9,CUSTOMER_RECEIPT,UPI-QR Payment received paytm@upi,Customer_875
UPI20260619534603,2026-06-19,CREDIT,20.55,CUSTOMER_RECEIPT,UPI-QR Payment received paytm@upi,Customer_748
UPI20260619572388,2026-06-19,CREDIT,10.18,CUSTOMER_RECEIPT,UPI-QR Payment received bharatpe@icici,Customer_774
UPI20260619919378,2026-06-19,CREDIT,350.88,CUSTOMER_RECEIPT,UPI-QR Payment received gpay@okaxis,Customer_833
UPI20260619978146,2026-06-19,CREDIT,54.42,CUSTOMER_RECEIPT,UPI-QR Payment received paytm@upi,Customer_890
UPI20260620503348,2026-06-20,CREDIT,498.21,CUSTOMER_RECEIPT,UPI-QR Payment received bharatpe@icici,Customer_723
UPI20260620506224,2026-06-20,CREDIT,110.39,CUSTOMER_RECEIPT,UPI-QR Payment received phonepe@ybl,Customer_616
UPI20260620553834,2026-06-20,CREDIT,138.95,CUSTOMER_RECEIPT,UPI-QR Payment received bharatpe@icici,Customer_620
UPI20260620706658,2026-06-20,CREDIT,10.0,CUSTOMER_RECEIPT,UPI-QR Payment received gpay@okaxis,Customer_848
UPI20260620826155,2026-06-20,CREDIT,69.71,CUSTOMER_RECEIPT,UPI-QR Payment received gpay@okaxis,Customer_380
UPI20260620919023,2026-06-20,CREDIT,505.95,CUSTOMER_RECEIPT,UPI-QR Payment received gpay@okaxis,Customer_808
UPI20260620954845,2026-06-20,CREDIT,23.89,CUSTOMER_RECEIPT,UPI-QR Payment received gpay@okaxis,Customer_206
UPI20260621319899,2026-06-21,CREDIT,926.76,CUSTOMER_RECEIPT,UPI-QR Payment received phonepe@ybl,Customer_803
UPI20260621532794,2026-06-21,CREDIT,11.73,CUSTOMER_RECEIPT,UPI-QR Payment received phonepe@ybl,Customer_963
UPI20260621574843,2026-06-21,CREDIT,195.45,CUSTOMER_RECEIPT,UPI-QR Payment received gpay@okaxis,Customer_241
UPI20260621835570,2026-06-21,CREDIT,44.34,CUSTOMER_RECEIPT,UPI-QR Payment received phonepe@ybl,Customer_828
UPI20260621872610,2026-06-21,CREDIT,1191.58,CUSTOMER_RECEIPT,UPI-QR Payment received gpay@okaxis,Customer_305
UPI20260622221011,2026-06-22,CREDIT,263.9,CUSTOMER_RECEIPT,UPI-QR Payment received phonepe@ybl,Customer_675
UPI20260622542904,2026-06-22,DEBIT,2028.47,BUSINESS_EXPENSE,"Inventory purchase (Tea, milk, spices, packaging)",kirana_supplier@upi
UPI20260622603704,2026-06-22,CREDIT,524.15,CUSTOMER_RECEIPT,UPI-QR Payment received bharatpe@icici,Customer_790
UPI20260622668843,2026-06-22,CREDIT,785.23,CUSTOMER_RECEIPT,UPI-QR Payment received phonepe@ybl,Customer_827
UPI20260622844904,2026-06-22,CREDIT,10.0,CUSTOMER_RECEIPT,UPI-QR Payment received gpay@okaxis,Customer_615
UPI20260623379947,2026-06-23,CREDIT,202.82,CUSTOMER_RECEIPT,UPI-QR Payment received gpay@okaxis,Customer_393
UPI20260623499371,2026-06-23,CREDIT,183.3,CUSTOMER_RECEIPT,UPI-QR Payment received gpay@okaxis,Customer_154
UPI20260623802812,2026-06-23,CREDIT,219.07,CUSTOMER_RECEIPT,UPI-QR Payment received paytm@upi,Customer_304
UPI20260624824141,2026-06-24,CREDIT,287.57,CUSTOMER_RECEIPT,UPI-QR Payment received phonepe@ybl,Customer_308
UPI20260624890200,2026-06-24,CREDIT,39.35,CUSTOMER_RECEIPT,UPI-QR Payment received paytm@upi,Customer_467
UPI20260624953568,2026-06-24,CREDIT,10.0,CUSTOMER_RECEIPT,UPI-QR Payment received bharatpe@icici,Customer_204
UPI20260625156415,2026-06-25,CREDIT,13.77,CUSTOMER_RECEIPT,UPI-QR Payment received paytm@upi,Customer_861
UPI20260625363550,2026-06-25,CREDIT,155.97,CUSTOMER_RECEIPT,UPI-QR Payment received gpay@okaxis,Customer_735
UPI20260625506380,2026-06-25,CREDIT,156.33,CUSTOMER_RECEIPT,UPI-QR Payment received bharatpe@icici,Customer_907
UPI20260625507777,2026-06-25,CREDIT,51.41,CUSTOMER_RECEIPT,UPI-QR Payment received gpay@okaxis,Customer_623
UPI20260625764575,2026-06-25,DEBIT,1961.98,BUSINESS_EXPENSE,"Inventory purchase (Tea, milk, spices, packaging)",subzi_mandi@axis
UPI20260625796772,2026-06-25,CREDIT,31.49,CUSTOMER_RECEIPT,UPI-QR Payment received paytm@upi,Customer_490
UPI20260625818430,2026-06-25,CREDIT,489.42,CUSTOMER_RECEIPT,UPI-QR Payment received phonepe@ybl,Customer_665
UPI20260625922405,2026-06-25,CREDIT,170.38,CUSTOMER_RECEIPT,UPI-QR Payment received phonepe@ybl,Customer_809
UPI20260626178086,2026-06-26,CREDIT,228.19,CUSTOMER_RECEIPT,UPI-QR Payment received gpay@okaxis,Customer_277
UPI20260626570616,2026-06-26,CREDIT,37.72,CUSTOMER_RECEIPT,UPI-QR Payment received gpay@okaxis,Customer_799
UPI20260626860127,2026-06-26,CREDIT,391.91,CUSTOMER_RECEIPT,UPI-QR Payment received gpay@okaxis,Customer_401
UPI20260626870786,2026-06-26,CREDIT,352.22,CUSTOMER_RECEIPT,UPI-QR Payment received paytm@upi,Customer_486
UPI20260626891787,2026-06-26,CREDIT,113.46,CUSTOMER_RECEIPT,UPI-QR Payment received gpay@okaxis,Customer_894
UPI20260627262325,2026-06-27,CREDIT,158.43,CUSTOMER_RECEIPT,UPI-QR Payment received paytm@upi,Customer_257
UPI20260627377075,2026-06-27,CREDIT,476.54,CUSTOMER_RECEIPT,UPI-QR Payment received gpay@okaxis,Customer_264
UPI20260627438302,2026-06-27,CREDIT,334.64,CUSTOMER_RECEIPT,UPI-QR Payment received paytm@upi,Customer_892
UPI20260627446620,2026-06-27,CREDIT,113.23,CUSTOMER_RECEIPT,UPI-QR Payment received bharatpe@icici,Customer_826
UPI20260627712353,2026-06-27,CREDIT,189.34,CUSTOMER_RECEIPT,UPI-QR Payment received phonepe@ybl,Customer_105
UPI20260627755744,2026-06-27,CREDIT,139.23,CUSTOMER_RECEIPT,UPI-QR Payment received phonepe@ybl,Customer_602
UPI20260627928278,2026-06-27,CREDIT,10.0,CUSTOMER_RECEIPT,UPI-QR Payment received phonepe@ybl,Customer_174
UPI20260628407835,2026-06-28,DEBIT,1263.49,BUSINESS_EXPENSE,"Inventory purchase (Tea, milk, spices, packaging)",kirana_supplier@upi
UPI20260628466375,2026-06-28,CREDIT,72.52,CUSTOMER_RECEIPT,UPI-QR Payment received gpay@okaxis,Customer_318
UPI20260628629678,2026-06-28,CREDIT,349.19,CUSTOMER_RECEIPT,UPI-QR Payment received gpay@okaxis,Customer_525
UPI20260628645895,2026-06-28,CREDIT,797.96,CUSTOMER_RECEIPT,UPI-QR Payment received paytm@upi,Customer_905
UPI20260628669460,2026-06-28,CREDIT,336.93,CUSTOMER_RECEIPT,UPI-QR Payment received bharatpe@icici,Customer_194
UPI20260629352023,2026-06-29,CREDIT,16.83,CUSTOMER_RECEIPT,UPI-QR Payment received gpay@okaxis,Customer_140
UPI20260629369054,2026-06-29,CREDIT,10.0,CUSTOMER_RECEIPT,UPI-QR Payment received phonepe@ybl,Customer_125
UPI20260629656268,2026-06-29,CREDIT,160.58,CUSTOMER_RECEIPT,UPI-QR Payment received bharatpe@icici,Customer_674
UPI20260629801432,2026-06-29,CREDIT,157.27,CUSTOMER_RECEIPT,UPI-QR Payment received phonepe@ybl,Customer_556
UPI20260629815706,2026-06-29,CREDIT,160.13,CUSTOMER_RECEIPT,UPI-QR Payment received phonepe@ybl,Customer_490
UPI20260629934883,2026-06-29,CREDIT,1111.08,CUSTOMER_RECEIPT,UPI-QR Payment received paytm@upi,Customer_495
UPI20260629963699,2026-06-29,CREDIT,74.75,CUSTOMER_RECEIPT,UPI-QR Payment received paytm@upi,Customer_217
UPI20260630168652,2026-06-30,CREDIT,108.1,CUSTOMER_RECEIPT,UPI-QR Payment received gpay@okaxis,Customer_786
UPI20260630275526,2026-06-30,CREDIT,196.94,CUSTOMER_RECEIPT,UPI-QR Payment received paytm@upi,Customer_741
UPI20260630410833,2026-06-30,CREDIT,67.46,CUSTOMER_RECEIPT,UPI-QR Payment received gpay@okaxis,Customer_428
UPI20260630567200,2026-06-30,CREDIT,488.12,CUSTOMER_RECEIPT,UPI-QR Payment received bharatpe@icici,Customer_144
UPI20260630638857,2026-06-30,CREDIT,264.22,CUSTOMER_RECEIPT,UPI-QR Payment received paytm@upi,Customer_198
UPI20260630760093,2026-06-30,CREDIT,173.19,CUSTOMER_RECEIPT,UPI-QR Payment received gpay@okaxis,Customer_985
UPI20260630818699,2026-06-30,CREDIT,272.22,CUSTOMER_RECEIPT,UPI-QR Payment received bharatpe@icici,Customer_955
UPI20260701117711,2026-07-01,DEBIT,1406.24,BUSINESS_EXPENSE,"Inventory purchase (Tea, milk, spices, packaging)",dairy_distributor@icici
UPI20260701173863,2026-07-01,CREDIT,57.48,CUSTOMER_RECEIPT,UPI-QR Payment received gpay@okaxis,Customer_364
UPI20260701191772,2026-07-01,CREDIT,144.39,CUSTOMER_RECEIPT,UPI-QR Payment received paytm@upi,Customer_155
UPI20260701286638,2026-07-01,CREDIT,160.66,CUSTOMER_RECEIPT,UPI-QR Payment received phonepe@ybl,Customer_671
UPI20260701527433,2026-07-01,CREDIT,171.14,CUSTOMER_RECEIPT,UPI-QR Payment received bharatpe@icici,Customer_561
UPI20260701581532,2026-07-01,CREDIT,165.77,CUSTOMER_RECEIPT,UPI-QR Payment received phonepe@ybl,Customer_138
UPI20260701819368,2026-07-01,CREDIT,110.69,CUSTOMER_RECEIPT,UPI-QR Payment received gpay@okaxis,Customer_124
UPI20260701877388,2026-07-01,CREDIT,52.03,CUSTOMER_RECEIPT,UPI-QR Payment received bharatpe@icici,Customer_762
UPI20260701956429,2026-07-01,CREDIT,39.8,CUSTOMER_RECEIPT,UPI-QR Payment received paytm@upi,Customer_864
UPI20260702106185,2026-07-02,CREDIT,17.48,CUSTOMER_RECEIPT,UPI-QR Payment received paytm@upi,Customer_874
UPI20260702190707,2026-07-02,CREDIT,68.86,CUSTOMER_RECEIPT,UPI-QR Payment received phonepe@ybl,Customer_883
UPI20260702558936,2026-07-02,CREDIT,162.29,CUSTOMER_RECEIPT,UPI-QR Payment received bharatpe@icici,Customer_504
UPI20260702627262,2026-07-02,CREDIT,53.56,CUSTOMER_RECEIPT,UPI-QR Payment received paytm@upi,Customer_396
UPI20260702882186,2026-07-02,CREDIT,107.33,CUSTOMER_RECEIPT,UPI-QR Payment received paytm@upi,Customer_817
UPI20260702925115,2026-07-02,CREDIT,62.3,CUSTOMER_RECEIPT,UPI-QR Payment received phonepe@ybl,Customer_721
UPI20260702989455,2026-07-02,CREDIT,10.0,CUSTOMER_RECEIPT,UPI-QR Payment received paytm@upi,Customer_466
UPI20260703143802,2026-07-03,CREDIT,10.0,CUSTOMER_RECEIPT,UPI-QR Payment received paytm@upi,Customer_686
UPI20260703251074,2026-07-03,CREDIT,34.52,CUSTOMER_RECEIPT,UPI-QR Payment received phonepe@ybl,Customer_793
UPI20260703330545,2026-07-03,CREDIT,62.61,CUSTOMER_RECEIPT,UPI-QR Payment received gpay@okaxis,Customer_864
UPI20260703509985,2026-07-03,CREDIT,75.79,CUSTOMER_RECEIPT,UPI-QR Payment received phonepe@ybl,Customer_749
UPI20260703680412,2026-07-03,CREDIT,32.81,CUSTOMER_RECEIPT,UPI-QR Payment received gpay@okaxis,Customer_226
UPI20260703725637,2026-07-03,CREDIT,117.72,CUSTOMER_RECEIPT,UPI-QR Payment received bharatpe@icici,Customer_650
UPI20260703884645,2026-07-03,DEBIT,1226.57,BUSINESS_EXPENSE,"Inventory purchase (Tea, milk, spices, packaging)",subzi_mandi@axis
UPI20260703933635,2026-07-03,CREDIT,59.46,CUSTOMER_RECEIPT,UPI-QR Payment received phonepe@ybl,Customer_111
UPI20260704220190,2026-07-04,CREDIT,539.44,CUSTOMER_RECEIPT,UPI-QR Payment received gpay@okaxis,Customer_787
UPI20260704292930,2026-07-04,CREDIT,168.78,CUSTOMER_RECEIPT,UPI-QR Payment received gpay@okaxis,Customer_731
UPI20260704322022,2026-07-04,CREDIT,299.04,CUSTOMER_RECEIPT,UPI-QR Payment received bharatpe@icici,Customer_761
UPI20260704975297,2026-07-04,CREDIT,129.48,CUSTOMER_RECEIPT,UPI-QR Payment received phonepe@ybl,Customer_298
UPI20260704992819,2026-07-04,CREDIT,261.9,CUSTOMER_RECEIPT,UPI-QR Payment received gpay@okaxis,Customer_264
ACH20260705609462,2026-07-05,DEBIT,2100.0,EMI_DEBT,Equipment Micro-Loan Auto-Debit EMI,MFI_Lending_NBFC
UPI20260705202972,2026-07-05,CREDIT,10.0,CUSTOMER_RECEIPT,UPI-QR Payment received gpay@okaxis,Customer_843
UPI20260705398987,2026-07-05,CREDIT,165.28,CUSTOMER_RECEIPT,UPI-QR Payment received paytm@upi,Customer_298
UPI20260705474486,2026-07-05,CREDIT,91.09,CUSTOMER_RECEIPT,UPI-QR Payment received gpay@okaxis,Customer_787
UPI20260705583671,2026-07-05,CREDIT,139.41,CUSTOMER_RECEIPT,UPI-QR Payment received paytm@upi,Customer_397
UPI20260705708798,2026-07-05,CREDIT,79.49,CUSTOMER_RECEIPT,UPI-QR Payment received bharatpe@icici,Customer_438
UPI20260705787313,2026-07-05,CREDIT,96.9,CUSTOMER_RECEIPT,UPI-QR Payment received gpay@okaxis,Customer_202
UPI20260705804313,2026-07-05,CREDIT,124.23,CUSTOMER_RECEIPT,UPI-QR Payment received paytm@upi,Customer_356
UPI20260706105066,2026-07-06,CREDIT,159.8,CUSTOMER_RECEIPT,UPI-QR Payment received phonepe@ybl,Customer_352
UPI20260706431699,2026-07-06,CREDIT,211.57,CUSTOMER_RECEIPT,UPI-QR Payment received bharatpe@icici,Customer_272
UPI20260706694397,2026-07-06,CREDIT,182.69,CUSTOMER_RECEIPT,UPI-QR Payment received phonepe@ybl,Customer_927
UPI20260706712546,2026-07-06,CREDIT,118.15,CUSTOMER_RECEIPT,UPI-QR Payment received gpay@okaxis,Customer_679
UPI20260706791454,2026-07-06,CREDIT,96.25,CUSTOMER_RECEIPT,UPI-QR Payment received phonepe@ybl,Customer_810
UPI20260706875753,2026-07-06,CREDIT,10.0,CUSTOMER_RECEIPT,UPI-QR Payment received bharatpe@icici,Customer_383
UPI20260706923824,2026-07-06,CREDIT,392.81,CUSTOMER_RECEIPT,UPI-QR Payment received gpay@okaxis,Customer_829
UPI20260707214119,2026-07-07,CREDIT,222.87,CUSTOMER_RECEIPT,UPI-QR Payment received gpay@okaxis,Customer_761
UPI20260707305973,2026-07-07,CREDIT,10.0,CUSTOMER_RECEIPT,UPI-QR Payment received phonepe@ybl,Customer_851
UPI20260707394247,2026-07-07,CREDIT,255.54,CUSTOMER_RECEIPT,UPI-QR Payment received gpay@okaxis,Customer_651
UPI20260707420310,2026-07-07,CREDIT,101.78,CUSTOMER_RECEIPT,UPI-QR Payment received bharatpe@icici,Customer_664
UPI20260707447668,2026-07-07,CREDIT,21.27,CUSTOMER_RECEIPT,UPI-QR Payment received bharatpe@icici,Customer_573
UPI20260707566991,2026-07-07,CREDIT,10.0,CUSTOMER_RECEIPT,UPI-QR Payment received phonepe@ybl,Customer_893
UPI20260707736095,2026-07-07,CREDIT,27.24,CUSTOMER_RECEIPT,UPI-QR Payment received paytm@upi,Customer_961
UPI20260707757057,2026-07-07,CREDIT,265.98,CUSTOMER_RECEIPT,UPI-QR Payment received paytm@upi,Customer_844
UPI20260707990856,2026-07-07,DEBIT,2048.95,BUSINESS_EXPENSE,"Inventory purchase (Tea, milk, spices, packaging)",subzi_mandi@axis
UPI20260708511564,2026-07-08,CREDIT,49.4,CUSTOMER_RECEIPT,UPI-QR Payment received gpay@okaxis,Customer_890
UPI20260708665892,2026-07-08,CREDIT,39.93,CUSTOMER_RECEIPT,UPI-QR Payment received bharatpe@icici,Customer_769
UPI20260708678388,2026-07-08,CREDIT,89.52,CUSTOMER_RECEIPT,UPI-QR Payment received phonepe@ybl,Customer_656
UPI20260708707021,2026-07-08,CREDIT,58.3,CUSTOMER_RECEIPT,UPI-QR Payment received bharatpe@icici,Customer_887
UPI20260708718241,2026-07-08,CREDIT,218.62,CUSTOMER_RECEIPT,UPI-QR Payment received phonepe@ybl,Customer_237
UPI20260708718697,2026-07-08,CREDIT,14.39,CUSTOMER_RECEIPT,UPI-QR Payment received gpay@okaxis,Customer_137
UPI20260708912853,2026-07-08,CREDIT,45.12,CUSTOMER_RECEIPT,UPI-QR Payment received gpay@okaxis,Customer_474
UPI20260709111106,2026-07-09,CREDIT,111.85,CUSTOMER_RECEIPT,UPI-QR Payment received gpay@okaxis,Customer_968
UPI20260709287847,2026-07-09,DEBIT,1424.71,BUSINESS_EXPENSE,"Inventory purchase (Tea, milk, spices, packaging)",subzi_mandi@axis
UPI20260709516059,2026-07-09,CREDIT,232.33,CUSTOMER_RECEIPT,UPI-QR Payment received phonepe@ybl,Customer_614
UPI20260709945718,2026-07-09,CREDIT,282.64,CUSTOMER_RECEIPT,UPI-QR Payment received gpay@okaxis,Customer_875
UPI20260710141843,2026-07-10,CREDIT,97.25,CUSTOMER_RECEIPT,UPI-QR Payment received phonepe@ybl,Customer_205
UPI20260710142383,2026-07-10,CREDIT,41.56,CUSTOMER_RECEIPT,UPI-QR Payment received gpay@okaxis,Customer_879
UPI20260710144887,2026-07-10,CREDIT,26.1,CUSTOMER_RECEIPT,UPI-QR Payment received gpay@okaxis,Customer_630
UPI20260710253300,2026-07-10,CREDIT,164.44,CUSTOMER_RECEIPT,UPI-QR Payment received bharatpe@icici,Customer_467
UPI20260710376106,2026-07-10,DEBIT,1968.82,BUSINESS_EXPENSE,"Inventory purchase (Tea, milk, spices, packaging)",subzi_mandi@axis
UPI20260710377198,2026-07-10,CREDIT,16.97,CUSTOMER_RECEIPT,UPI-QR Payment received phonepe@ybl,Customer_339
UPI20260710592489,2026-07-10,CREDIT,26.14,CUSTOMER_RECEIPT,UPI-QR Payment received bharatpe@icici,Customer_147
UPI20260710611329,2026-07-10,CREDIT,69.68,CUSTOMER_RECEIPT,UPI-QR Payment received gpay@okaxis,Customer_164
UPI20260710670792,2026-07-10,DEBIT,3355.24,BUSINESS_EXPENSE,Monthly Stall Fee & Electricity Bill,Municipal_Stall_Board
UPI20260710929906,2026-07-10,CREDIT,149.24,CUSTOMER_RECEIPT,UPI-QR Payment received phonepe@ybl,Customer_497
UPI20260711106918,2026-07-11,CREDIT,124.53,CUSTOMER_RECEIPT,UPI-QR Payment received gpay@okaxis,Customer_550
UPI20260711363807,2026-07-11,CREDIT,21.3,CUSTOMER_RECEIPT,UPI-QR Payment received bharatpe@icici,Customer_328
UPI20260711483041,2026-07-11,CREDIT,232.68,CUSTOMER_RECEIPT,UPI-QR Payment received paytm@upi,Customer_629
UPI20260711639535,2026-07-11,DEBIT,1121.99,BUSINESS_EXPENSE,"Inventory purchase (Tea, milk, spices, packaging)",subzi_mandi@axis
UPI20260711641455,2026-07-11,CREDIT,157.88,CUSTOMER_RECEIPT,UPI-QR Payment received bharatpe@icici,Customer_461
UPI20260711931161,2026-07-11,CREDIT,620.97,CUSTOMER_RECEIPT,UPI-QR Payment received bharatpe@icici,Customer_718
UPI20260711956934,2026-07-11,CREDIT,55.87,CUSTOMER_RECEIPT,UPI-QR Payment received phonepe@ybl,Customer_598
UPI20260712295984,2026-07-12,CREDIT,446.84,CUSTOMER_RECEIPT,UPI-QR Payment received gpay@okaxis,Customer_470
UPI20260712341535,2026-07-12,CREDIT,12.09,CUSTOMER_RECEIPT,UPI-QR Payment received bharatpe@icici,Customer_930
UPI20260712446265,2026-07-12,CREDIT,273.25,CUSTOMER_RECEIPT,UPI-QR Payment received paytm@upi,Customer_593
UPI20260712731264,2026-07-12,CREDIT,217.72,CUSTOMER_RECEIPT,UPI-QR Payment received paytm@upi,Customer_776
UPI20260713253999,2026-07-13,CREDIT,33.01,CUSTOMER_RECEIPT,UPI-QR Payment received paytm@upi,Customer_270
UPI20260713269078,2026-07-13,CREDIT,385.6,CUSTOMER_RECEIPT,UPI-QR Payment received bharatpe@icici,Customer_122
UPI20260713327114,2026-07-13,DEBIT,2126.16,BUSINESS_EXPENSE,"Inventory purchase (Tea, milk, spices, packaging)",dairy_distributor@icici
UPI20260713355506,2026-07-13,CREDIT,117.35,CUSTOMER_RECEIPT,UPI-QR Payment received paytm@upi,Customer_230
UPI20260713370804,2026-07-13,CREDIT,30.39,CUSTOMER_RECEIPT,UPI-QR Payment received gpay@okaxis,Customer_629
UPI20260713525151,2026-07-13,CREDIT,120.38,CUSTOMER_RECEIPT,UPI-QR Payment received paytm@upi,Customer_999
UPI20260713701344,2026-07-13,CREDIT,218.07,CUSTOMER_RECEIPT,UPI-QR Payment received gpay@okaxis,Customer_237
UPI20260713760120,2026-07-13,CREDIT,274.9,CUSTOMER_RECEIPT,UPI-QR Payment received paytm@upi,Customer_686
UPI20260714249644,2026-07-14,CREDIT,358.4,CUSTOMER_RECEIPT,UPI-QR Payment received gpay@okaxis,Customer_738
UPI20260714605065,2026-07-14,CREDIT,82.39,CUSTOMER_RECEIPT,UPI-QR Payment received gpay@okaxis,Customer_324
UPI20260714725510,2026-07-14,CREDIT,236.03,CUSTOMER_RECEIPT,UPI-QR Payment received paytm@upi,Customer_335
UPI20260714791691,2026-07-14,CREDIT,67.87,CUSTOMER_RECEIPT,UPI-QR Payment received phonepe@ybl,Customer_271
UPI20260714859364,2026-07-14,CREDIT,42.07,CUSTOMER_RECEIPT,UPI-QR Payment received phonepe@ybl,Customer_564
UPI20260714970699,2026-07-14,CREDIT,285.08,CUSTOMER_RECEIPT,UPI-QR Payment received bharatpe@icici,Customer_715
UPI20260715117367,2026-07-15,CREDIT,92.35,CUSTOMER_RECEIPT,UPI-QR Payment received gpay@okaxis,Customer_635
UPI20260715256826,2026-07-15,CREDIT,158.42,CUSTOMER_RECEIPT,UPI-QR Payment received paytm@upi,Customer_281
UPI20260715628859,2026-07-15,CREDIT,497.07,CUSTOMER_RECEIPT,UPI-QR Payment received bharatpe@icici,Customer_946
UPI20260716140932,2026-07-16,CREDIT,161.94,CUSTOMER_RECEIPT,UPI-QR Payment received paytm@upi,Customer_195
UPI20260716145548,2026-07-16,CREDIT,27.05,CUSTOMER_RECEIPT,UPI-QR Payment received bharatpe@icici,Customer_334
UPI20260716541119,2026-07-16,CREDIT,129.9,CUSTOMER_RECEIPT,UPI-QR Payment received phonepe@ybl,Customer_995
UPI20260716605666,2026-07-16,CREDIT,14.77,CUSTOMER_RECEIPT,UPI-QR Payment received gpay@okaxis,Customer_717
UPI20260716665482,2026-07-16,CREDIT,143.79,CUSTOMER_RECEIPT,UPI-QR Payment received paytm@upi,Customer_893
UPI20260716811521,2026-07-16,CREDIT,88.39,CUSTOMER_RECEIPT,UPI-QR Payment received bharatpe@icici,Customer_634
UPI20260716941272,2026-07-16,CREDIT,196.33,CUSTOMER_RECEIPT,UPI-QR Payment received bharatpe@icici,Customer_908
UPI20260716943706,2026-07-16,DEBIT,1290.72,BUSINESS_EXPENSE,"Inventory purchase (Tea, milk, spices, packaging)",subzi_mandi@axis
UPI20260717187889,2026-07-17,CREDIT,10.0,CUSTOMER_RECEIPT,UPI-QR Payment received phonepe@ybl,Customer_712
UPI20260717240386,2026-07-17,CREDIT,31.49,CUSTOMER_RECEIPT,UPI-QR Payment received phonepe@ybl,Customer_588
UPI20260717298202,2026-07-17,CREDIT,120.44,CUSTOMER_RECEIPT,UPI-QR Payment received paytm@upi,Customer_826
UPI20260717315397,2026-07-17,DEBIT,1325.04,BUSINESS_EXPENSE,"Inventory purchase (Tea, milk, spices, packaging)",subzi_mandi@axis
UPI20260717647923,2026-07-17,CREDIT,34.02,CUSTOMER_RECEIPT,UPI-QR Payment received paytm@upi,Customer_632
UPI20260717670143,2026-07-17,CREDIT,132.42,CUSTOMER_RECEIPT,UPI-QR Payment received bharatpe@icici,Customer_363
UPI20260717704106,2026-07-17,CREDIT,256.08,CUSTOMER_RECEIPT,UPI-QR Payment received paytm@upi,Customer_535
UPI20260717879769,2026-07-17,CREDIT,102.0,CUSTOMER_RECEIPT,UPI-QR Payment received paytm@upi,Customer_691
UPI20260717903061,2026-07-17,CREDIT,12.97,CUSTOMER_RECEIPT,UPI-QR Payment received gpay@okaxis,Customer_979
UPI20260718479867,2026-07-18,CREDIT,108.49,CUSTOMER_RECEIPT,UPI-QR Payment received paytm@upi,Customer_258
UPI20260718483405,2026-07-18,CREDIT,963.96,CUSTOMER_RECEIPT,UPI-QR Payment received phonepe@ybl,Customer_796
UPI20260718516760,2026-07-18,CREDIT,32.1,CUSTOMER_RECEIPT,UPI-QR Payment received gpay@okaxis,Customer_523
UPI20260718546768,2026-07-18,CREDIT,197.51,CUSTOMER_RECEIPT,UPI-QR Payment received phonepe@ybl,Customer_367
UPI20260718678923,2026-07-18,CREDIT,259.95,CUSTOMER_RECEIPT,UPI-QR Payment received bharatpe@icici,Customer_283
UPI20260718996508,2026-07-18,CREDIT,150.27,CUSTOMER_RECEIPT,UPI-QR Payment received bharatpe@icici,Customer_678
UPI20260719244775,2026-07-19,CREDIT,254.68,CUSTOMER_RECEIPT,UPI-QR Payment received paytm@upi,Customer_865
UPI20260719324875,2026-07-19,CREDIT,27.68,CUSTOMER_RECEIPT,UPI-QR Payment received bharatpe@icici,Customer_904
UPI20260719340932,2026-07-19,CREDIT,237.49,CUSTOMER_RECEIPT,UPI-QR Payment received bharatpe@icici,Customer_901
UPI20260719366105,2026-07-19,CREDIT,104.34,CUSTOMER_RECEIPT,UPI-QR Payment received phonepe@ybl,Customer_691
UPI20260719461083,2026-07-19,CREDIT,112.59,CUSTOMER_RECEIPT,UPI-QR Payment received bharatpe@icici,Customer_853
UPI20260719743852,2026-07-19,DEBIT,1921.2,BUSINESS_EXPENSE,"Inventory purchase (Tea, milk, spices, packaging)",subzi_mandi@axis
UPI20260719833281,2026-07-19,CREDIT,954.6,CUSTOMER_RECEIPT,UPI-QR Payment received gpay@okaxis,Customer_202
UPI20260720105547,2026-07-20,CREDIT,411.95,CUSTOMER_RECEIPT,UPI-QR Payment received paytm@upi,Customer_943
UPI20260720252387,2026-07-20,CREDIT,276.11,CUSTOMER_RECEIPT,UPI-QR Payment received bharatpe@icici,Customer_714
UPI20260720268546,2026-07-20,CREDIT,35.15,CUSTOMER_RECEIPT,UPI-QR Payment received bharatpe@icici,Customer_751
UPI20260721332542,2026-07-21,CREDIT,49.09,CUSTOMER_RECEIPT,UPI-QR Payment received phonepe@ybl,Customer_181
UPI20260721502995,2026-07-21,CREDIT,13.72,CUSTOMER_RECEIPT,UPI-QR Payment received bharatpe@icici,Customer_728
UPI20260721560295,2026-07-21,DEBIT,1696.41,BUSINESS_EXPENSE,"Inventory purchase (Tea, milk, spices, packaging)",kirana_supplier@upi
UPI20260721726495,2026-07-21,CREDIT,32.64,CUSTOMER_RECEIPT,UPI-QR Payment received paytm@upi,Customer_892
UPI20260721738613,2026-07-21,CREDIT,12.68,CUSTOMER_RECEIPT,UPI-QR Payment received paytm@upi,Customer_841
UPI20260721788049,2026-07-21,CREDIT,344.1,CUSTOMER_RECEIPT,UPI-QR Payment received phonepe@ybl,Customer_828
UPI20260722135241,2026-07-22,CREDIT,25.79,CUSTOMER_RECEIPT,UPI-QR Payment received gpay@okaxis,Customer_729
UPI20260722191061,2026-07-22,CREDIT,73.45,CUSTOMER_RECEIPT,UPI-QR Payment received phonepe@ybl,Customer_898
UPI20260722277715,2026-07-22,CREDIT,44.0,CUSTOMER_RECEIPT,UPI-QR Payment received paytm@upi,Customer_468
UPI20260722310040,2026-07-22,CREDIT,26.71,CUSTOMER_RECEIPT,UPI-QR Payment received paytm@upi,Customer_854
UPI20260722350878,2026-07-22,CREDIT,10.0,CUSTOMER_RECEIPT,UPI-QR Payment received paytm@upi,Customer_261
UPI20260722514337,2026-07-22,CREDIT,161.68,CUSTOMER_RECEIPT,UPI-QR Payment received bharatpe@icici,Customer_700
UPI20260722518836,2026-07-22,CREDIT,10.0,CUSTOMER_RECEIPT,UPI-QR Payment received phonepe@ybl,Customer_785
UPI20260722942960,2026-07-22,CREDIT,39.2,CUSTOMER_RECEIPT,UPI-QR Payment received phonepe@ybl,Customer_299
UPI20260723211636,2026-07-23,CREDIT,59.88,CUSTOMER_RECEIPT,UPI-QR Payment received paytm@upi,Customer_615
UPI20260723283537,2026-07-23,CREDIT,57.97,CUSTOMER_RECEIPT,UPI-QR Payment received bharatpe@icici,Customer_618
UPI20260723398313,2026-07-23,CREDIT,114.82,CUSTOMER_RECEIPT,UPI-QR Payment received phonepe@ybl,Customer_455
UPI20260723408545,2026-07-23,CREDIT,163.7,CUSTOMER_RECEIPT,UPI-QR Payment received phonepe@ybl,Customer_219
UPI20260723523579,2026-07-23,CREDIT,112.57,CUSTOMER_RECEIPT,UPI-QR Payment received paytm@upi,Customer_367
UPI20260723735818,2026-07-23,CREDIT,155.6,CUSTOMER_RECEIPT,UPI-QR Payment received gpay@okaxis,Customer_565
UPI20260723955129,2026-07-23,CREDIT,313.61,CUSTOMER_RECEIPT,UPI-QR Payment received phonepe@ybl,Customer_331
UPI20260724128679,2026-07-24,CREDIT,91.3,CUSTOMER_RECEIPT,UPI-QR Payment received bharatpe@icici,Customer_219
UPI20260724355090,2026-07-24,CREDIT,119.03,CUSTOMER_RECEIPT,UPI-QR Payment received phonepe@ybl,Customer_894
UPI20260724362292,2026-07-24,CREDIT,749.71,CUSTOMER_RECEIPT,UPI-QR Payment received bharatpe@icici,Customer_486
UPI20260724370343,2026-07-24,CREDIT,10.0,CUSTOMER_RECEIPT,UPI-QR Payment received paytm@upi,Customer_491
UPI20260724581137,2026-07-24,CREDIT,191.35,CUSTOMER_RECEIPT,UPI-QR Payment received bharatpe@icici,Customer_700
UPI20260724690525,2026-07-24,CREDIT,158.16,CUSTOMER_RECEIPT,UPI-QR Payment received bharatpe@icici,Customer_888
UPI20260724764442,2026-07-24,CREDIT,120.52,CUSTOMER_RECEIPT,UPI-QR Payment received gpay@okaxis,Customer_793
UPI20260725401244,2026-07-25,CREDIT,255.95,CUSTOMER_RECEIPT,UPI-QR Payment received paytm@upi,Customer_508
UPI20260725429119,2026-07-25,CREDIT,22.22,CUSTOMER_RECEIPT,UPI-QR Payment received phonepe@ybl,Customer_323
UPI20260725470248,2026-07-25,CREDIT,690.83,CUSTOMER_RECEIPT,UPI-QR Payment received paytm@upi,Customer_817
UPI20260725681489,2026-07-25,CREDIT,167.72,CUSTOMER_RECEIPT,UPI-QR Payment received gpay@okaxis,Customer_587
UPI20260725806423,2026-07-25,CREDIT,49.02,CUSTOMER_RECEIPT,UPI-QR Payment received phonepe@ybl,Customer_177
UPI20260725882401,2026-07-25,DEBIT,1055.9,BUSINESS_EXPENSE,"Inventory purchase (Tea, milk, spices, packaging)",subzi_mandi@axis
UPI20260725972600,2026-07-25,CREDIT,42.12,CUSTOMER_RECEIPT,UPI-QR Payment received phonepe@ybl,Customer_354
UPI20260726312616,2026-07-26,CREDIT,373.55,CUSTOMER_RECEIPT,UPI-QR Payment received gpay@okaxis,Customer_956
UPI20260726378297,2026-07-26,CREDIT,145.91,CUSTOMER_RECEIPT,UPI-QR Payment received gpay@okaxis,Customer_334
UPI20260726623238,2026-07-26,CREDIT,204.48,CUSTOMER_RECEIPT,UPI-QR Payment received gpay@okaxis,Customer_340
UPI20260726871153,2026-07-26,CREDIT,482.16,CUSTOMER_RECEIPT,UPI-QR Payment received gpay@okaxis,Customer_993
UPI20260727106945,2026-07-27,CREDIT,70.24,CUSTOMER_RECEIPT,UPI-QR Payment received paytm@upi,Customer_968
UPI20260727225701,2026-07-27,CREDIT,416.81,CUSTOMER_RECEIPT,UPI-QR Payment received paytm@upi,Customer_792
UPI20260727795650,2026-07-27,CREDIT,688.08,CUSTOMER_RECEIPT,UPI-QR Payment received bharatpe@icici,Customer_728
UPI20260728291755,2026-07-28,CREDIT,28.36,CUSTOMER_RECEIPT,UPI-QR Payment received phonepe@ybl,Customer_507
UPI20260728332881,2026-07-28,CREDIT,838.88,CUSTOMER_RECEIPT,UPI-QR Payment received gpay@okaxis,Customer_155
UPI20260728616256,2026-07-28,CREDIT,87.42,CUSTOMER_RECEIPT,UPI-QR Payment received phonepe@ybl,Customer_602
UPI20260728651273,2026-07-28,CREDIT,448.94,CUSTOMER_RECEIPT,UPI-QR Payment received bharatpe@icici,Customer_589
UPI20260728667036,2026-07-28,CREDIT,133.18,CUSTOMER_RECEIPT,UPI-QR Payment received paytm@upi,Customer_614
UPI20260728819678,2026-07-28,DEBIT,1351.2,BUSINESS_EXPENSE,"Inventory purchase (Tea, milk, spices, packaging)",kirana_supplier@upi
UPI20260729742544,2026-07-29,DEBIT,1255.61,BUSINESS_EXPENSE,"Inventory purchase (Tea, milk, spices, packaging)",dairy_distributor@icici
UPI20260729806848,2026-07-29,CREDIT,288.39,CUSTOMER_RECEIPT,UPI-QR Payment received gpay@okaxis,Customer_488
UPI20260729822689,2026-07-29,CREDIT,217.23,CUSTOMER_RECEIPT,UPI-QR Payment received paytm@upi,Customer_112
UPI20260729832162,2026-07-29,CREDIT,544.68,CUSTOMER_RECEIPT,UPI-QR Payment received bharatpe@icici,Customer_423
UPI20260730292847,2026-07-30,CREDIT,21.81,CUSTOMER_RECEIPT,UPI-QR Payment received bharatpe@icici,Customer_534
UPI20260730320759,2026-07-30,CREDIT,279.17,CUSTOMER_RECEIPT,UPI-QR Payment received bharatpe@icici,Customer_817
UPI20260730348658,2026-07-30,CREDIT,14.9,CUSTOMER_RECEIPT,UPI-QR Payment received phonepe@ybl,Customer_582
UPI20260730742865,2026-07-30,CREDIT,224.67,CUSTOMER_RECEIPT,UPI-QR Payment received phonepe@ybl,Customer_474
UPI20260730888734,2026-07-30,CREDIT,243.15,CUSTOMER_RECEIPT,UPI-QR Payment received phonepe@ybl,Customer_473
UPI20260731204721,2026-07-31,CREDIT,74.76,CUSTOMER_RECEIPT,UPI-QR Payment received phonepe@ybl,Customer_923
UPI20260731347259,2026-07-31,CREDIT,63.2,CUSTOMER_RECEIPT,UPI-QR Payment received bharatpe@icici,Customer_976
UPI20260731699166,2026-07-31,CREDIT,255.34,CUSTOMER_RECEIPT,UPI-QR Payment received gpay@okaxis,Customer_689
UPI20260731819335,2026-07-31,CREDIT,10.0,CUSTOMER_RECEIPT,UPI-QR Payment received gpay@okaxis,Customer_933
UPI20260731938900,2026-07-31,DEBIT,1074.49,BUSINESS_EXPENSE,"Inventory purchase (Tea, milk, spices, packaging)",subzi_mandi@axis
UPI20260801241003,2026-08-01,CREDIT,31.62,CUSTOMER_RECEIPT,UPI-QR Payment received phonepe@ybl,Customer_904
UPI20260801285186,2026-08-01,CREDIT,153.9,CUSTOMER_RECEIPT,UPI-QR Payment received bharatpe@icici,Customer_611
UPI20260801610258,2026-08-01,CREDIT,952.68,CUSTOMER_RECEIPT,UPI-QR Payment received phonepe@ybl,Customer_356
UPI20260802120798,2026-08-02,CREDIT,358.85,CUSTOMER_RECEIPT,UPI-QR Payment received bharatpe@icici,Customer_224
UPI20260802271276,2026-08-02,CREDIT,115.0,CUSTOMER_RECEIPT,UPI-QR Payment received paytm@upi,Customer_320
UPI20260802398433,2026-08-02,DEBIT,2171.12,BUSINESS_EXPENSE,"Inventory purchase (Tea, milk, spices, packaging)",dairy_distributor@icici
UPI20260802468145,2026-08-02,CREDIT,97.92,CUSTOMER_RECEIPT,UPI-QR Payment received gpay@okaxis,Customer_690
UPI20260802478496,2026-08-02,CREDIT,130.79,CUSTOMER_RECEIPT,UPI-QR Payment received phonepe@ybl,Customer_673
UPI20260802684572,2026-08-02,CREDIT,103.32,CUSTOMER_RECEIPT,UPI-QR Payment received phonepe@ybl,Customer_452
UPI20260802880762,2026-08-02,CREDIT,84.47,CUSTOMER_RECEIPT,UPI-QR Payment received phonepe@ybl,Customer_366
UPI20260802953350,2026-08-02,CREDIT,51.96,CUSTOMER_RECEIPT,UPI-QR Payment received phonepe@ybl,Customer_587
UPI20260802979725,2026-08-02,CREDIT,72.08,CUSTOMER_RECEIPT,UPI-QR Payment received paytm@upi,Customer_560
UPI20260803174809,2026-08-03,CREDIT,204.74,CUSTOMER_RECEIPT,UPI-QR Payment received paytm@upi,Customer_265
UPI20260803275715,2026-08-03,CREDIT,321.17,CUSTOMER_RECEIPT,UPI-QR Payment received phonepe@ybl,Customer_531
UPI20260803460317,2026-08-03,CREDIT,57.67,CUSTOMER_RECEIPT,UPI-QR Payment received gpay@okaxis,Customer_421
UPI20260803499581,2026-08-03,CREDIT,229.54,CUSTOMER_RECEIPT,UPI-QR Payment received phonepe@ybl,Customer_574
UPI20260803611174,2026-08-03,CREDIT,583.66,CUSTOMER_RECEIPT,UPI-QR Payment received bharatpe@icici,Customer_180
UPI20260803761938,2026-08-03,CREDIT,14.89,CUSTOMER_RECEIPT,UPI-QR Payment received bharatpe@icici,Customer_969
UPI20260803762398,2026-08-03,CREDIT,28.15,CUSTOMER_RECEIPT,UPI-QR Payment received gpay@okaxis,Customer_989
UPI20260803844943,2026-08-03,DEBIT,1714.22,BUSINESS_EXPENSE,"Inventory purchase (Tea, milk, spices, packaging)",dairy_distributor@icici
UPI20260804124223,2026-08-04,CREDIT,242.82,CUSTOMER_RECEIPT,UPI-QR Payment received gpay@okaxis,Customer_845
UPI20260804200195,2026-08-04,DEBIT,1355.86,BUSINESS_EXPENSE,"Inventory purchase (Tea, milk, spices, packaging)",kirana_supplier@upi
UPI20260804275445,2026-08-04,CREDIT,255.07,CUSTOMER_RECEIPT,UPI-QR Payment received gpay@okaxis,Customer_974
UPI20260804346024,2026-08-04,CREDIT,56.53,CUSTOMER_RECEIPT,UPI-QR Payment received phonepe@ybl,Customer_861
UPI20260804384424,2026-08-04,CREDIT,327.26,CUSTOMER_RECEIPT,UPI-QR Payment received bharatpe@icici,Customer_899
UPI20260804480805,2026-08-04,CREDIT,315.1,CUSTOMER_RECEIPT,UPI-QR Payment received bharatpe@icici,Customer_523
UPI20260804834733,2026-08-04,CREDIT,13.13,CUSTOMER_RECEIPT,UPI-QR Payment received paytm@upi,Customer_315
ACH20260805564687,2026-08-05,DEBIT,2100.0,EMI_DEBT,Equipment Micro-Loan Auto-Debit EMI,MFI_Lending_NBFC
UPI20260805340497,2026-08-05,CREDIT,177.68,CUSTOMER_RECEIPT,UPI-QR Payment received gpay@okaxis,Customer_855
UPI20260805375201,2026-08-05,CREDIT,73.69,CUSTOMER_RECEIPT,UPI-QR Payment received gpay@okaxis,Customer_186
UPI20260805675074,2026-08-05,CREDIT,89.47,CUSTOMER_RECEIPT,UPI-QR Payment received paytm@upi,Customer_126
UPI20260805786641,2026-08-05,CREDIT,644.15,CUSTOMER_RECEIPT,UPI-QR Payment received bharatpe@icici,Customer_416
UPI20260805902156,2026-08-05,CREDIT,205.94,CUSTOMER_RECEIPT,UPI-QR Payment received paytm@upi,Customer_206
UPI20260805908382,2026-08-05,CREDIT,33.06,CUSTOMER_RECEIPT,UPI-QR Payment received bharatpe@icici,Customer_636
UPI20260806136862,2026-08-06,CREDIT,33.42,CUSTOMER_RECEIPT,UPI-QR Payment received phonepe@ybl,Customer_981
UPI20260806440998,2026-08-06,CREDIT,465.58,CUSTOMER_RECEIPT,UPI-QR Payment received bharatpe@icici,Customer_578
UPI20260806652329,2026-08-06,CREDIT,406.36,CUSTOMER_RECEIPT,UPI-QR Payment received gpay@okaxis,Customer_129
UPI20260806666843,2026-08-06,CREDIT,601.97,CUSTOMER_RECEIPT,UPI-QR Payment received phonepe@ybl,Customer_661
UPI20260806831510,2026-08-06,DEBIT,989.16,BUSINESS_EXPENSE,"Inventory purchase (Tea, milk, spices, packaging)",subzi_mandi@axis
UPI20260807100096,2026-08-07,CREDIT,17.97,CUSTOMER_RECEIPT,UPI-QR Payment received gpay@okaxis,Customer_452
UPI20260807193904,2026-08-07,CREDIT,21.82,CUSTOMER_RECEIPT,UPI-QR Payment received bharatpe@icici,Customer_415
UPI20260807263281,2026-08-07,CREDIT,57.75,CUSTOMER_RECEIPT,UPI-QR Payment received phonepe@ybl,Customer_110
UPI20260807483551,2026-08-07,CREDIT,79.28,CUSTOMER_RECEIPT,UPI-QR Payment received bharatpe@icici,Customer_366
UPI20260807578720,2026-08-07,CREDIT,75.8,CUSTOMER_RECEIPT,UPI-QR Payment received bharatpe@icici,Customer_636
UPI20260807605048,2026-08-07,CREDIT,164.33,CUSTOMER_RECEIPT,UPI-QR Payment received gpay@okaxis,Customer_924
UPI20260807770864,2026-08-07,CREDIT,105.82,CUSTOMER_RECEIPT,UPI-QR Payment received phonepe@ybl,Customer_455
UPI20260808600241,2026-08-08,CREDIT,27.54,CUSTOMER_RECEIPT,UPI-QR Payment received phonepe@ybl,Customer_109
UPI20260808821179,2026-08-08,CREDIT,178.7,CUSTOMER_RECEIPT,UPI-QR Payment received bharatpe@icici,Customer_873
UPI20260808903072,2026-08-08,CREDIT,10.2,CUSTOMER_RECEIPT,UPI-QR Payment received bharatpe@icici,Customer_917
UPI20260809331307,2026-08-09,DEBIT,1959.8,BUSINESS_EXPENSE,"Inventory purchase (Tea, milk, spices, packaging)",dairy_distributor@icici
UPI20260809362035,2026-08-09,CREDIT,325.54,CUSTOMER_RECEIPT,UPI-QR Payment received gpay@okaxis,Customer_832
UPI20260809531736,2026-08-09,CREDIT,1347.1,CUSTOMER_RECEIPT,UPI-QR Payment received bharatpe@icici,Customer_504
UPI20260809674842,2026-08-09,CREDIT,59.28,CUSTOMER_RECEIPT,UPI-QR Payment received phonepe@ybl,Customer_293
UPI20260810123205,2026-08-10,DEBIT,2157.6,BUSINESS_EXPENSE,"Inventory purchase (Tea, milk, spices, packaging)",kirana_supplier@upi
UPI20260810207241,2026-08-10,DEBIT,2923.17,BUSINESS_EXPENSE,Monthly Stall Fee & Electricity Bill,Municipal_Stall_Board
UPI20260810243260,2026-08-10,CREDIT,67.3,CUSTOMER_RECEIPT,UPI-QR Payment received phonepe@ybl,Customer_213
UPI20260810297132,2026-08-10,CREDIT,35.65,CUSTOMER_RECEIPT,UPI-QR Payment received paytm@upi,Customer_286
UPI20260810351198,2026-08-10,CREDIT,322.04,CUSTOMER_RECEIPT,UPI-QR Payment received phonepe@ybl,Customer_391
UPI20260810436219,2026-08-10,CREDIT,23.22,CUSTOMER_RECEIPT,UPI-QR Payment received paytm@upi,Customer_255
UPI20260810574760,2026-08-10,CREDIT,10.65,CUSTOMER_RECEIPT,UPI-QR Payment received phonepe@ybl,Customer_817
UPI20260810753004,2026-08-10,CREDIT,97.67,CUSTOMER_RECEIPT,UPI-QR Payment received bharatpe@icici,Customer_292
UPI20260810767830,2026-08-10,CREDIT,55.22,CUSTOMER_RECEIPT,UPI-QR Payment received bharatpe@icici,Customer_732
UPI20260810779956,2026-08-10,CREDIT,54.04,CUSTOMER_RECEIPT,UPI-QR Payment received phonepe@ybl,Customer_522
UPI20260811194578,2026-08-11,CREDIT,136.19,CUSTOMER_RECEIPT,UPI-QR Payment received gpay@okaxis,Customer_115
UPI20260811540656,2026-08-11,CREDIT,10.0,CUSTOMER_RECEIPT,UPI-QR Payment received phonepe@ybl,Customer_904
UPI20260811586208,2026-08-11,CREDIT,79.84,CUSTOMER_RECEIPT,UPI-QR Payment received paytm@upi,Customer_438
UPI20260811617555,2026-08-11,CREDIT,21.38,CUSTOMER_RECEIPT,UPI-QR Payment received gpay@okaxis,Customer_450
UPI20260811862427,2026-08-11,CREDIT,125.31,CUSTOMER_RECEIPT,UPI-QR Payment received paytm@upi,Customer_338
UPI20260811938297,2026-08-11,CREDIT,196.77,CUSTOMER_RECEIPT,UPI-QR Payment received bharatpe@icici,Customer_480
UPI20260812158760,2026-08-12,CREDIT,15.14,CUSTOMER_RECEIPT,UPI-QR Payment received phonepe@ybl,Customer_894
UPI20260812227885,2026-08-12,DEBIT,1959.55,BUSINESS_EXPENSE,"Inventory purchase (Tea, milk, spices, packaging)",subzi_mandi@axis
UPI20260812511484,2026-08-12,CREDIT,1331.9,CUSTOMER_RECEIPT,UPI-QR Payment received paytm@upi,Customer_656
UPI20260812592984,2026-08-12,CREDIT,15.04,CUSTOMER_RECEIPT,UPI-QR Payment received gpay@okaxis,Customer_296
UPI20260812982417,2026-08-12,CREDIT,300.02,CUSTOMER_RECEIPT,UPI-QR Payment received phonepe@ybl,Customer_936
UPI20260813266316,2026-08-13,CREDIT,49.27,CUSTOMER_RECEIPT,UPI-QR Payment received paytm@upi,Customer_862
UPI20260813359168,2026-08-13,CREDIT,561.09,CUSTOMER_RECEIPT,UPI-QR Payment received paytm@upi,Customer_303
UPI20260813508024,2026-08-13,CREDIT,17.64,CUSTOMER_RECEIPT,UPI-QR Payment received phonepe@ybl,Customer_430
UPI20260813583220,2026-08-13,CREDIT,37.27,CUSTOMER_RECEIPT,UPI-QR Payment received paytm@upi,Customer_633
UPI20260813676276,2026-08-13,CREDIT,14.52,CUSTOMER_RECEIPT,UPI-QR Payment received paytm@upi,Customer_359
UPI20260813798359,2026-08-13,CREDIT,20.92,CUSTOMER_RECEIPT,UPI-QR Payment received gpay@okaxis,Customer_584
UPI20260814115799,2026-08-14,CREDIT,1348.5,CUSTOMER_RECEIPT,UPI-QR Payment received gpay@okaxis,Customer_913
UPI20260814347428,2026-08-14,CREDIT,168.1,CUSTOMER_RECEIPT,UPI-QR Payment received bharatpe@icici,Customer_432
UPI20260814477934,2026-08-14,CREDIT,278.1,CUSTOMER_RECEIPT,UPI-QR Payment received paytm@upi,Customer_984
UPI20260814799080,2026-08-14,CREDIT,15.18,CUSTOMER_RECEIPT,UPI-QR Payment received gpay@okaxis,Customer_215
UPI20260815144033,2026-08-15,CREDIT,194.11,CUSTOMER_RECEIPT,UPI-QR Payment received bharatpe@icici,Customer_804
UPI20260815265358,2026-08-15,CREDIT,152.17,CUSTOMER_RECEIPT,UPI-QR Payment received bharatpe@icici,Customer_193
UPI20260815725173,2026-08-15,CREDIT,74.31,CUSTOMER_RECEIPT,UPI-QR Payment received gpay@okaxis,Customer_480
UPI20260815819265,2026-08-15,CREDIT,112.85,CUSTOMER_RECEIPT,UPI-QR Payment received phonepe@ybl,Customer_877
UPI20260815908239,2026-08-15,CREDIT,198.74,CUSTOMER_RECEIPT,UPI-QR Payment received paytm@upi,Customer_354
UPI20260815927477,2026-08-15,CREDIT,341.81,CUSTOMER_RECEIPT,UPI-QR Payment received gpay@okaxis,Customer_109
UPI20260816141406,2026-08-16,CREDIT,218.77,CUSTOMER_RECEIPT,UPI-QR Payment received bharatpe@icici,Customer_823
UPI20260816261395,2026-08-16,CREDIT,17.44,CUSTOMER_RECEIPT,UPI-QR Payment received paytm@upi,Customer_228
UPI20260816558752,2026-08-16,CREDIT,164.66,CUSTOMER_RECEIPT,UPI-QR Payment received phonepe@ybl,Customer_655
UPI20260816560030,2026-08-16,CREDIT,26.94,CUSTOMER_RECEIPT,UPI-QR Payment received gpay@okaxis,Customer_121
UPI20260816611540,2026-08-16,CREDIT,270.97,CUSTOMER_RECEIPT,UPI-QR Payment received gpay@okaxis,Customer_424
UPI20260816685472,2026-08-16,CREDIT,74.37,CUSTOMER_RECEIPT,UPI-QR Payment received phonepe@ybl,Customer_924
UPI20260816822730,2026-08-16,CREDIT,57.07,CUSTOMER_RECEIPT,UPI-QR Payment received bharatpe@icici,Customer_466
UPI20260816859587,2026-08-16,CREDIT,66.55,CUSTOMER_RECEIPT,UPI-QR Payment received gpay@okaxis,Customer_356
UPI20260817656937,2026-08-17,CREDIT,131.12,CUSTOMER_RECEIPT,UPI-QR Payment received gpay@okaxis,Customer_560
UPI20260817670027,2026-08-17,CREDIT,292.93,CUSTOMER_RECEIPT,UPI-QR Payment received phonepe@ybl,Customer_431
UPI20260817867979,2026-08-17,CREDIT,10.0,CUSTOMER_RECEIPT,UPI-QR Payment received bharatpe@icici,Customer_381
UPI20260817971733,2026-08-17,CREDIT,107.47,CUSTOMER_RECEIPT,UPI-QR Payment received gpay@okaxis,Customer_170
UPI20260818261618,2026-08-18,DEBIT,1872.03,BUSINESS_EXPENSE,"Inventory purchase (Tea, milk, spices, packaging)",subzi_mandi@axis
UPI20260818294546,2026-08-18,CREDIT,204.61,CUSTOMER_RECEIPT,UPI-QR Payment received paytm@upi,Customer_734
UPI20260818484945,2026-08-18,CREDIT,10.0,CUSTOMER_RECEIPT,UPI-QR Payment received bharatpe@icici,Customer_100
UPI20260818665136,2026-08-18,CREDIT,10.0,CUSTOMER_RECEIPT,UPI-QR Payment received bharatpe@icici,Customer_294
UPI20260818750324,2026-08-18,CREDIT,109.78,CUSTOMER_RECEIPT,UPI-QR Payment received gpay@okaxis,Customer_428
UPI20260818856027,2026-08-18,CREDIT,34.71,CUSTOMER_RECEIPT,UPI-QR Payment received paytm@upi,Customer_774
UPI20260818913608,2026-08-18,CREDIT,43.1,CUSTOMER_RECEIPT,UPI-QR Payment received bharatpe@icici,Customer_851
UPI20260818998450,2026-08-18,CREDIT,21.12,CUSTOMER_RECEIPT,UPI-QR Payment received phonepe@ybl,Customer_894
UPI20260819132792,2026-08-19,CREDIT,443.35,CUSTOMER_RECEIPT,UPI-QR Payment received gpay@okaxis,Customer_209
UPI20260819133362,2026-08-19,CREDIT,16.06,CUSTOMER_RECEIPT,UPI-QR Payment received bharatpe@icici,Customer_773
UPI20260819200932,2026-08-19,CREDIT,514.67,CUSTOMER_RECEIPT,UPI-QR Payment received paytm@upi,Customer_144
UPI20260819608947,2026-08-19,CREDIT,92.47,CUSTOMER_RECEIPT,UPI-QR Payment received gpay@okaxis,Customer_201
UPI20260819772036,2026-08-19,CREDIT,38.14,CUSTOMER_RECEIPT,UPI-QR Payment received phonepe@ybl,Customer_213
UPI20260819975763,2026-08-19,CREDIT,223.47,CUSTOMER_RECEIPT,UPI-QR Payment received gpay@okaxis,Customer_282
UPI20260820183840,2026-08-20,CREDIT,76.01,CUSTOMER_RECEIPT,UPI-QR Payment received bharatpe@icici,Customer_920
UPI20260820318877,2026-08-20,CREDIT,11.71,CUSTOMER_RECEIPT,UPI-QR Payment received bharatpe@icici,Customer_952
UPI20260820484150,2026-08-20,CREDIT,68.74,CUSTOMER_RECEIPT,UPI-QR Payment received gpay@okaxis,Customer_720
UPI20260820486996,2026-08-20,CREDIT,151.69,CUSTOMER_RECEIPT,UPI-QR Payment received paytm@upi,Customer_943
UPI20260820685126,2026-08-20,CREDIT,44.54,CUSTOMER_RECEIPT,UPI-QR Payment received bharatpe@icici,Customer_941
UPI20260820718975,2026-08-20,CREDIT,90.09,CUSTOMER_RECEIPT,UPI-QR Payment received phonepe@ybl,Customer_150
UPI20260820769952,2026-08-20,CREDIT,18.45,CUSTOMER_RECEIPT,UPI-QR Payment received paytm@upi,Customer_469
UPI20260820852715,2026-08-20,CREDIT,211.06,CUSTOMER_RECEIPT,UPI-QR Payment received paytm@upi,Customer_113
UPI20260821173807,2026-08-21,CREDIT,73.41,CUSTOMER_RECEIPT,UPI-QR Payment received phonepe@ybl,Customer_179
UPI20260821210639,2026-08-21,CREDIT,175.61,CUSTOMER_RECEIPT,UPI-QR Payment received phonepe@ybl,Customer_790
UPI20260821326387,2026-08-21,CREDIT,53.55,CUSTOMER_RECEIPT,UPI-QR Payment received paytm@upi,Customer_203
UPI20260821504048,2026-08-21,CREDIT,69.88,CUSTOMER_RECEIPT,UPI-QR Payment received gpay@okaxis,Customer_297
UPI20260821547820,2026-08-21,DEBIT,1783.57,BUSINESS_EXPENSE,"Inventory purchase (Tea, milk, spices, packaging)",kirana_supplier@upi
UPI20260821651752,2026-08-21,CREDIT,174.61,CUSTOMER_RECEIPT,UPI-QR Payment received gpay@okaxis,Customer_683
UPI20260821755700,2026-08-21,CREDIT,252.9,CUSTOMER_RECEIPT,UPI-QR Payment received gpay@okaxis,Customer_671
UPI20260821860397,2026-08-21,CREDIT,56.98,CUSTOMER_RECEIPT,UPI-QR Payment received gpay@okaxis,Customer_644
UPI20260821885587,2026-08-21,CREDIT,353.1,CUSTOMER_RECEIPT,UPI-QR Payment received bharatpe@icici,Customer_864
UPI20260822430463,2026-08-22,CREDIT,76.52,CUSTOMER_RECEIPT,UPI-QR Payment received phonepe@ybl,Customer_965
UPI20260822453907,2026-08-22,CREDIT,303.35,CUSTOMER_RECEIPT,UPI-QR Payment received gpay@okaxis,Customer_646
UPI20260822676680,2026-08-22,CREDIT,98.65,CUSTOMER_RECEIPT,UPI-QR Payment received bharatpe@icici,Customer_616
UPI20260822729057,2026-08-22,CREDIT,149.84,CUSTOMER_RECEIPT,UPI-QR Payment received bharatpe@icici,Customer_460
UPI20260823100205,2026-08-23,CREDIT,145.24,CUSTOMER_RECEIPT,UPI-QR Payment received paytm@upi,Customer_391
UPI20260823241647,2026-08-23,CREDIT,323.01,CUSTOMER_RECEIPT,UPI-QR Payment received phonepe@ybl,Customer_106
UPI20260823352415,2026-08-23,CREDIT,10.0,CUSTOMER_RECEIPT,UPI-QR Payment received gpay@okaxis,Customer_484
UPI20260823414922,2026-08-23,CREDIT,145.03,CUSTOMER_RECEIPT,UPI-QR Payment received gpay@okaxis,Customer_319
UPI20260823551504,2026-08-23,CREDIT,263.3,CUSTOMER_RECEIPT,UPI-QR Payment received phonepe@ybl,Customer_723
UPI20260823574379,2026-08-23,CREDIT,88.66,CUSTOMER_RECEIPT,UPI-QR Payment received bharatpe@icici,Customer_506
UPI20260823724702,2026-08-23,CREDIT,154.27,CUSTOMER_RECEIPT,UPI-QR Payment received paytm@upi,Customer_630
UPI20260823902903,2026-08-23,CREDIT,332.39,CUSTOMER_RECEIPT,UPI-QR Payment received phonepe@ybl,Customer_468
UPI20260824139569,2026-08-24,CREDIT,67.99,CUSTOMER_RECEIPT,UPI-QR Payment received bharatpe@icici,Customer_464
UPI20260824263690,2026-08-24,CREDIT,15.14,CUSTOMER_RECEIPT,UPI-QR Payment received gpay@okaxis,Customer_371
UPI20260824281301,2026-08-24,DEBIT,1910.07,BUSINESS_EXPENSE,"Inventory purchase (Tea, milk, spices, packaging)",dairy_distributor@icici
UPI20260824327999,2026-08-24,CREDIT,10.0,CUSTOMER_RECEIPT,UPI-QR Payment received paytm@upi,Customer_840
UPI20260824368691,2026-08-24,CREDIT,66.81,CUSTOMER_RECEIPT,UPI-QR Payment received phonepe@ybl,Customer_194
UPI20260824484914,2026-08-24,CREDIT,124.44,CUSTOMER_RECEIPT,UPI-QR Payment received gpay@okaxis,Customer_338
UPI20260824636107,2026-08-24,CREDIT,10.0,CUSTOMER_RECEIPT,UPI-QR Payment received gpay@okaxis,Customer_196
UPI20260824698199,2026-08-24,CREDIT,106.1,CUSTOMER_RECEIPT,UPI-QR Payment received bharatpe@icici,Customer_682
UPI20260824962283,2026-08-24,CREDIT,88.57,CUSTOMER_RECEIPT,UPI-QR Payment received phonepe@ybl,Customer_666
UPI20260825226395,2026-08-25,CREDIT,167.99,CUSTOMER_RECEIPT,UPI-QR Payment received gpay@okaxis,Customer_865
UPI20260825450632,2026-08-25,CREDIT,10.0,CUSTOMER_RECEIPT,UPI-QR Payment received phonepe@ybl,Customer_936
UPI20260825555401,2026-08-25,CREDIT,393.75,CUSTOMER_RECEIPT,UPI-QR Payment received bharatpe@icici,Customer_988
UPI20260825773452,2026-08-25,CREDIT,158.24,CUSTOMER_RECEIPT,UPI-QR Payment received phonepe@ybl,Customer_138
UPI20260825784488,2026-08-25,CREDIT,54.74,CUSTOMER_RECEIPT,UPI-QR Payment received paytm@upi,Customer_749
UPI20260825836989,2026-08-25,CREDIT,11.13,CUSTOMER_RECEIPT,UPI-QR Payment received paytm@upi,Customer_709
UPI20260825866288,2026-08-25,CREDIT,10.0,CUSTOMER_RECEIPT,UPI-QR Payment received bharatpe@icici,Customer_180
UPI20260825918017,2026-08-25,CREDIT,10.0,CUSTOMER_RECEIPT,UPI-QR Payment received paytm@upi,Customer_889
UPI20260826143182,2026-08-26,CREDIT,37.94,CUSTOMER_RECEIPT,UPI-QR Payment received phonepe@ybl,Customer_652
UPI20260826152973,2026-08-26,CREDIT,116.79,CUSTOMER_RECEIPT,UPI-QR Payment received bharatpe@icici,Customer_556
UPI20260826513477,2026-08-26,CREDIT,11.17,CUSTOMER_RECEIPT,UPI-QR Payment received gpay@okaxis,Customer_235
UPI20260826552917,2026-08-26,CREDIT,20.63,CUSTOMER_RECEIPT,UPI-QR Payment received phonepe@ybl,Customer_905
UPI20260826626806,2026-08-26,CREDIT,160.71,CUSTOMER_RECEIPT,UPI-QR Payment received gpay@okaxis,Customer_256
UPI20260826692354,2026-08-26,CREDIT,46.41,CUSTOMER_RECEIPT,UPI-QR Payment received gpay@okaxis,Customer_434
UPI20260826889410,2026-08-26,CREDIT,22.09,CUSTOMER_RECEIPT,UPI-QR Payment received paytm@upi,Customer_327
UPI20260827241422,2026-08-27,CREDIT,10.0,CUSTOMER_RECEIPT,UPI-QR Payment received bharatpe@icici,Customer_672
UPI20260827307731,2026-08-27,CREDIT,375.28,CUSTOMER_RECEIPT,UPI-QR Payment received bharatpe@icici,Customer_504
UPI20260827517885,2026-08-27,CREDIT,33.62,CUSTOMER_RECEIPT,UPI-QR Payment received bharatpe@icici,Customer_892
UPI20260827518582,2026-08-27,CREDIT,157.8,CUSTOMER_RECEIPT,UPI-QR Payment received phonepe@ybl,Customer_187
UPI20260827783932,2026-08-27,CREDIT,38.23,CUSTOMER_RECEIPT,UPI-QR Payment received gpay@okaxis,Customer_674
UPI20260827831770,2026-08-27,CREDIT,10.0,CUSTOMER_RECEIPT,UPI-QR Payment received gpay@okaxis,Customer_880
UPI20260827881519,2026-08-27,CREDIT,117.87,CUSTOMER_RECEIPT,UPI-QR Payment received paytm@upi,Customer_661
UPI20260828277477,2026-08-28,DEBIT,1877.55,BUSINESS_EXPENSE,"Inventory purchase (Tea, milk, spices, packaging)",dairy_distributor@icici
UPI20260828436318,2026-08-28,CREDIT,21.12,CUSTOMER_RECEIPT,UPI-QR Payment received phonepe@ybl,Customer_708
UPI20260828483010,2026-08-28,CREDIT,37.58,CUSTOMER_RECEIPT,UPI-QR Payment received phonepe@ybl,Customer_295
UPI20260828804378,2026-08-28,CREDIT,78.52,CUSTOMER_RECEIPT,UPI-QR Payment received bharatpe@icici,Customer_533
UPI20260828817999,2026-08-28,CREDIT,159.91,CUSTOMER_RECEIPT,UPI-QR Payment received paytm@upi,Customer_215
UPI20260828914504,2026-08-28,CREDIT,239.27,CUSTOMER_RECEIPT,UPI-QR Payment received bharatpe@icici,Customer_431
UPI20260829147057,2026-08-29,CREDIT,306.16,CUSTOMER_RECEIPT,UPI-QR Payment received gpay@okaxis,Customer_304
UPI20260829751168,2026-08-29,CREDIT,710.41,CUSTOMER_RECEIPT,UPI-QR Payment received gpay@okaxis,Customer_989
UPI20260829753453,2026-08-29,CREDIT,196.13,CUSTOMER_RECEIPT,UPI-QR Payment received gpay@okaxis,Customer_551
UPI20260829818651,2026-08-29,CREDIT,212.16,CUSTOMER_RECEIPT,UPI-QR Payment received phonepe@ybl,Customer_259
UPI20260829875507,2026-08-29,CREDIT,10.0,CUSTOMER_RECEIPT,UPI-QR Payment received paytm@upi,Customer_348
UPI20260829894541,2026-08-29,CREDIT,155.27,CUSTOMER_RECEIPT,UPI-QR Payment received paytm@upi,Customer_215
UPI20260830310445,2026-08-30,DEBIT,884.15,BUSINESS_EXPENSE,"Inventory purchase (Tea, milk, spices, packaging)",subzi_mandi@axis
UPI20260830447997,2026-08-30,CREDIT,477.18,CUSTOMER_RECEIPT,UPI-QR Payment received gpay@okaxis,Customer_857
UPI20260830571923,2026-08-30,CREDIT,42.28,CUSTOMER_RECEIPT,UPI-QR Payment received bharatpe@icici,Customer_123
UPI20260830606489,2026-08-30,CREDIT,168.22,CUSTOMER_RECEIPT,UPI-QR Payment received gpay@okaxis,Customer_811
UPI20260830664139,2026-08-30,CREDIT,112.38,CUSTOMER_RECEIPT,UPI-QR Payment received gpay@okaxis,Customer_308
UPI20260830672967,2026-08-30,CREDIT,106.56,CUSTOMER_RECEIPT,UPI-QR Payment received phonepe@ybl,Customer_661
UPI20260830711324,2026-08-30,CREDIT,130.38,CUSTOMER_RECEIPT,UPI-QR Payment received paytm@upi,Customer_361
UPI20260830832697,2026-08-30,CREDIT,203.79,CUSTOMER_RECEIPT,UPI-QR Payment received paytm@upi,Customer_485
UPI20260830943349,2026-08-30,CREDIT,195.61,CUSTOMER_RECEIPT,UPI-QR Payment received paytm@upi,Customer_412
UPI20260831507523,2026-08-31,CREDIT,129.03,CUSTOMER_RECEIPT,UPI-QR Payment received phonepe@ybl,Customer_778
UPI20260831587546,2026-08-31,CREDIT,42.84,CUSTOMER_RECEIPT,UPI-QR Payment received paytm@upi,Customer_168
UPI20260831993473,2026-08-31,CREDIT,822.6,CUSTOMER_RECEIPT,UPI-QR Payment received phonepe@ybl,Customer_985
UPI20260901264631,2026-09-01,CREDIT,12.04,CUSTOMER_RECEIPT,UPI-QR Payment received paytm@upi,Customer_455
UPI20260901308535,2026-09-01,CREDIT,53.8,CUSTOMER_RECEIPT,UPI-QR Payment received bharatpe@icici,Customer_674
UPI20260901359409,2026-09-01,CREDIT,266.41,CUSTOMER_RECEIPT,UPI-QR Payment received phonepe@ybl,Customer_441
UPI20260901505298,2026-09-01,CREDIT,23.65,CUSTOMER_RECEIPT,UPI-QR Payment received gpay@okaxis,Customer_489
UPI20260901608205,2026-09-01,CREDIT,52.59,CUSTOMER_RECEIPT,UPI-QR Payment received paytm@upi,Customer_290
UPI20260901613731,2026-09-01,CREDIT,25.59,CUSTOMER_RECEIPT,UPI-QR Payment received bharatpe@icici,Customer_862
UPI20260901633243,2026-09-01,CREDIT,43.27,CUSTOMER_RECEIPT,UPI-QR Payment received paytm@upi,Customer_423
UPI20260901847078,2026-09-01,CREDIT,88.23,CUSTOMER_RECEIPT,UPI-QR Payment received paytm@upi,Customer_140
UPI20260902165021,2026-09-02,CREDIT,371.64,CUSTOMER_RECEIPT,UPI-QR Payment received phonepe@ybl,Customer_999
UPI20260902347678,2026-09-02,CREDIT,37.51,CUSTOMER_RECEIPT,UPI-QR Payment received phonepe@ybl,Customer_931
UPI20260902393804,2026-09-02,CREDIT,57.42,CUSTOMER_RECEIPT,UPI-QR Payment received gpay@okaxis,Customer_255
UPI20260902458388,2026-09-02,CREDIT,288.58,CUSTOMER_RECEIPT,UPI-QR Payment received bharatpe@icici,Customer_772
UPI20260902505977,2026-09-02,CREDIT,176.97,CUSTOMER_RECEIPT,UPI-QR Payment received paytm@upi,Customer_668
UPI20260903352036,2026-09-03,CREDIT,239.23,CUSTOMER_RECEIPT,UPI-QR Payment received gpay@okaxis,Customer_536
UPI20260903427557,2026-09-03,CREDIT,320.7,CUSTOMER_RECEIPT,UPI-QR Payment received phonepe@ybl,Customer_559
UPI20260903646012,2026-09-03,CREDIT,252.22,CUSTOMER_RECEIPT,UPI-QR Payment received gpay@okaxis,Customer_527
UPI20260903667650,2026-09-03,CREDIT,78.78,CUSTOMER_RECEIPT,UPI-QR Payment received gpay@okaxis,Customer_983
UPI20260903668573,2026-09-03,CREDIT,37.1,CUSTOMER_RECEIPT,UPI-QR Payment received gpay@okaxis,Customer_311
UPI20260903784167,2026-09-03,CREDIT,179.56,CUSTOMER_RECEIPT,UPI-QR Payment received gpay@okaxis,Customer_694
UPI20260903839389,2026-09-03,DEBIT,1232.6,BUSINESS_EXPENSE,"Inventory purchase (Tea, milk, spices, packaging)",subzi_mandi@axis
UPI20260904130915,2026-09-04,CREDIT,33.59,CUSTOMER_RECEIPT,UPI-QR Payment received phonepe@ybl,Customer_523
UPI20260904171108,2026-09-04,CREDIT,257.66,CUSTOMER_RECEIPT,UPI-QR Payment received paytm@upi,Customer_288
UPI20260904433025,2026-09-04,CREDIT,183.61,CUSTOMER_RECEIPT,UPI-QR Payment received gpay@okaxis,Customer_844
UPI20260904531228,2026-09-04,CREDIT,135.44,CUSTOMER_RECEIPT,UPI-QR Payment received phonepe@ybl,Customer_553
UPI20260904692282,2026-09-04,CREDIT,224.23,CUSTOMER_RECEIPT,UPI-QR Payment received gpay@okaxis,Customer_425
UPI20260904907455,2026-09-04,CREDIT,317.35,CUSTOMER_RECEIPT,UPI-QR Payment received gpay@okaxis,Customer_771
ACH20260905240600,2026-09-05,DEBIT,2100.0,EMI_DEBT,Equipment Micro-Loan Auto-Debit EMI,MFI_Lending_NBFC
UPI20260905127470,2026-09-05,CREDIT,716.99,CUSTOMER_RECEIPT,UPI-QR Payment received phonepe@ybl,Customer_720
UPI20260905211957,2026-09-05,CREDIT,1081.11,CUSTOMER_RECEIPT,UPI-QR Payment received gpay@okaxis,Customer_289
UPI20260905343461,2026-09-05,CREDIT,46.6,CUSTOMER_RECEIPT,UPI-QR Payment received gpay@okaxis,Customer_803
UPI20260905694587,2026-09-05,CREDIT,11.42,CUSTOMER_RECEIPT,UPI-QR Payment received gpay@okaxis,Customer_710
UPI20260905821568,2026-09-05,DEBIT,1302.97,BUSINESS_EXPENSE,"Inventory purchase (Tea, milk, spices, packaging)",dairy_distributor@icici
UPI20260906302647,2026-09-06,CREDIT,40.64,CUSTOMER_RECEIPT,UPI-QR Payment received gpay@okaxis,Customer_133
UPI20260906528436,2026-09-06,CREDIT,119.27,CUSTOMER_RECEIPT,UPI-QR Payment received paytm@upi,Customer_376
UPI20260906533108,2026-09-06,CREDIT,310.8,CUSTOMER_RECEIPT,UPI-QR Payment received gpay@okaxis,Customer_860
UPI20260906591534,2026-09-06,CREDIT,23.9,CUSTOMER_RECEIPT,UPI-QR Payment received phonepe@ybl,Customer_288
UPI20260906596864,2026-09-06,CREDIT,288.06,CUSTOMER_RECEIPT,UPI-QR Payment received gpay@okaxis,Customer_267
UPI20260906803950,2026-09-06,CREDIT,223.29,CUSTOMER_RECEIPT,UPI-QR Payment received gpay@okaxis,Customer_875
UPI20260906993522,2026-09-06,CREDIT,219.02,CUSTOMER_RECEIPT,UPI-QR Payment received bharatpe@icici,Customer_603
UPI20260907143858,2026-09-07,CREDIT,44.67,CUSTOMER_RECEIPT,UPI-QR Payment received bharatpe@icici,Customer_837
UPI20260907428096,2026-09-07,CREDIT,105.29,CUSTOMER_RECEIPT,UPI-QR Payment received bharatpe@icici,Customer_726
UPI20260907440677,2026-09-07,CREDIT,112.87,CUSTOMER_RECEIPT,UPI-QR Payment received bharatpe@icici,Customer_352
UPI20260907548324,2026-09-07,CREDIT,89.8,CUSTOMER_RECEIPT,UPI-QR Payment received bharatpe@icici,Customer_894
UPI20260907747033,2026-09-07,CREDIT,98.83,CUSTOMER_RECEIPT,UPI-QR Payment received bharatpe@icici,Customer_804
UPI20260907878533,2026-09-07,CREDIT,147.67,CUSTOMER_RECEIPT,UPI-QR Payment received paytm@upi,Customer_633
UPI20260907967182,2026-09-07,DEBIT,1432.25,BUSINESS_EXPENSE,"Inventory purchase (Tea, milk, spices, packaging)",kirana_supplier@upi
UPI20260908141158,2026-09-08,CREDIT,258.32,CUSTOMER_RECEIPT,UPI-QR Payment received bharatpe@icici,Customer_628
UPI20260908399803,2026-09-08,DEBIT,1883.15,BUSINESS_EXPENSE,"Inventory purchase (Tea, milk, spices, packaging)",dairy_distributor@icici
UPI20260908405323,2026-09-08,CREDIT,44.55,CUSTOMER_RECEIPT,UPI-QR Payment received bharatpe@icici,Customer_507
UPI20260908643899,2026-09-08,CREDIT,527.71,CUSTOMER_RECEIPT,UPI-QR Payment received bharatpe@icici,Customer_852
UPI20260908902328,2026-09-08,CREDIT,365.7,CUSTOMER_RECEIPT,UPI-QR Payment received paytm@upi,Customer_294
UPI20260909642081,2026-09-09,CREDIT,10.0,CUSTOMER_RECEIPT,UPI-QR Payment received gpay@okaxis,Customer_574
UPI20260909742917,2026-09-09,CREDIT,97.98,CUSTOMER_RECEIPT,UPI-QR Payment received paytm@upi,Customer_806
UPI20260909857750,2026-09-09,CREDIT,205.17,CUSTOMER_RECEIPT,UPI-QR Payment received paytm@upi,Customer_284
UPI20260909916558,2026-09-09,CREDIT,760.47,CUSTOMER_RECEIPT,UPI-QR Payment received gpay@okaxis,Customer_502
UPI20260909970206,2026-09-09,CREDIT,44.83,CUSTOMER_RECEIPT,UPI-QR Payment received bharatpe@icici,Customer_192
UPI20260910194560,2026-09-10,CREDIT,451.91,CUSTOMER_RECEIPT,UPI-QR Payment received phonepe@ybl,Customer_431
UPI20260910287567,2026-09-10,CREDIT,29.32,CUSTOMER_RECEIPT,UPI-QR Payment received bharatpe@icici,Customer_704
UPI20260910847251,2026-09-10,CREDIT,144.1,CUSTOMER_RECEIPT,UPI-QR Payment received gpay@okaxis,Customer_565
UPI20260910853270,2026-09-10,DEBIT,3599.89,BUSINESS_EXPENSE,Monthly Stall Fee & Electricity Bill,Municipal_Stall_Board
UPI20260911251631,2026-09-11,CREDIT,146.83,CUSTOMER_RECEIPT,UPI-QR Payment received gpay@okaxis,Customer_887
UPI20260911571228,2026-09-11,CREDIT,21.88,CUSTOMER_RECEIPT,UPI-QR Payment received phonepe@ybl,Customer_187
UPI20260911649262,2026-09-11,CREDIT,77.64,CUSTOMER_RECEIPT,UPI-QR Payment received bharatpe@icici,Customer_844
UPI20260911677079,2026-09-11,CREDIT,91.76,CUSTOMER_RECEIPT,UPI-QR Payment received bharatpe@icici,Customer_144
UPI20260911692960,2026-09-11,CREDIT,42.1,CUSTOMER_RECEIPT,UPI-QR Payment received gpay@okaxis,Customer_266
UPI20260911846635,2026-09-11,CREDIT,77.46,CUSTOMER_RECEIPT,UPI-QR Payment received paytm@upi,Customer_529
UPI20260911905579,2026-09-11,CREDIT,19.97,CUSTOMER_RECEIPT,UPI-QR Payment received gpay@okaxis,Customer_443
UPI20260911905967,2026-09-11,DEBIT,1233.33,BUSINESS_EXPENSE,"Inventory purchase (Tea, milk, spices, packaging)",dairy_distributor@icici
UPI20260911929493,2026-09-11,CREDIT,126.63,CUSTOMER_RECEIPT,UPI-QR Payment received gpay@okaxis,Customer_487
UPI20260912103704,2026-09-12,CREDIT,391.22,CUSTOMER_RECEIPT,UPI-QR Payment received phonepe@ybl,Customer_112
UPI20260912223264,2026-09-12,CREDIT,10.0,CUSTOMER_RECEIPT,UPI-QR Payment received gpay@okaxis,Customer_307
UPI20260912580921,2026-09-12,CREDIT,10.0,CUSTOMER_RECEIPT,UPI-QR Payment received bharatpe@icici,Customer_975
UPI20260912622864,2026-09-12,CREDIT,374.3,CUSTOMER_RECEIPT,UPI-QR Payment received paytm@upi,Customer_722
UPI20260913293818,2026-09-13,CREDIT,55.84,CUSTOMER_RECEIPT,UPI-QR Payment received gpay@okaxis,Customer_156
UPI20260913530074,2026-09-13,CREDIT,485.59,CUSTOMER_RECEIPT,UPI-QR Payment received bharatpe@icici,Customer_181
UPI20260913673929,2026-09-13,CREDIT,60.61,CUSTOMER_RECEIPT,UPI-QR Payment received phonepe@ybl,Customer_734
UPI20260913730421,2026-09-13,CREDIT,70.24,CUSTOMER_RECEIPT,UPI-QR Payment received paytm@upi,Customer_350
UPI20260913759172,2026-09-13,CREDIT,24.68,CUSTOMER_RECEIPT,UPI-QR Payment received gpay@okaxis,Customer_150
UPI20260913785010,2026-09-13,CREDIT,320.39,CUSTOMER_RECEIPT,UPI-QR Payment received phonepe@ybl,Customer_137
UPI20260913791505,2026-09-13,CREDIT,34.64,CUSTOMER_RECEIPT,UPI-QR Payment received bharatpe@icici,Customer_564
UPI20260913799396,2026-09-13,DEBIT,1995.36,BUSINESS_EXPENSE,"Inventory purchase (Tea, milk, spices, packaging)",subzi_mandi@axis
UPI20260914214176,2026-09-14,CREDIT,92.68,CUSTOMER_RECEIPT,UPI-QR Payment received bharatpe@icici,Customer_282
UPI20260914269172,2026-09-14,CREDIT,120.11,CUSTOMER_RECEIPT,UPI-QR Payment received phonepe@ybl,Customer_725
UPI20260914447195,2026-09-14,CREDIT,1131.59,CUSTOMER_RECEIPT,UPI-QR Payment received paytm@upi,Customer_150
UPI20260914793029,2026-09-14,CREDIT,258.32,CUSTOMER_RECEIPT,UPI-QR Payment received gpay@okaxis,Customer_566
UPI20260914885734,2026-09-14,CREDIT,438.47,CUSTOMER_RECEIPT,UPI-QR Payment received phonepe@ybl,Customer_136
UPI20260915170953,2026-09-15,CREDIT,98.0,CUSTOMER_RECEIPT,UPI-QR Payment received bharatpe@icici,Customer_963
UPI20260915486473,2026-09-15,CREDIT,177.34,CUSTOMER_RECEIPT,UPI-QR Payment received bharatpe@icici,Customer_939
UPI20260915593687,2026-09-15,CREDIT,234.63,CUSTOMER_RECEIPT,UPI-QR Payment received gpay@okaxis,Customer_224
UPI20260915677210,2026-09-15,CREDIT,104.96,CUSTOMER_RECEIPT,UPI-QR Payment received paytm@upi,Customer_399
UPI20260915828361,2026-09-15,CREDIT,10.0,CUSTOMER_RECEIPT,UPI-QR Payment received phonepe@ybl,Customer_437
UPI20260916319205,2026-09-16,CREDIT,109.62,CUSTOMER_RECEIPT,UPI-QR Payment received paytm@upi,Customer_211
UPI20260916650912,2026-09-16,CREDIT,100.62,CUSTOMER_RECEIPT,UPI-QR Payment received phonepe@ybl,Customer_232
UPI20260916699121,2026-09-16,CREDIT,49.82,CUSTOMER_RECEIPT,UPI-QR Payment received paytm@upi,Customer_595
UPI20260916738419,2026-09-16,CREDIT,11.07,CUSTOMER_RECEIPT,UPI-QR Payment received phonepe@ybl,Customer_365
UPI20260916744129,2026-09-16,CREDIT,74.38,CUSTOMER_RECEIPT,UPI-QR Payment received bharatpe@icici,Customer_632
UPI20260916859246,2026-09-16,CREDIT,179.29,CUSTOMER_RECEIPT,UPI-QR Payment received phonepe@ybl,Customer_537
UPI20260916864605,2026-09-16,CREDIT,116.6,CUSTOMER_RECEIPT,UPI-QR Payment received bharatpe@icici,Customer_604
UPI20260916947228,2026-09-16,CREDIT,10.0,CUSTOMER_RECEIPT,UPI-QR Payment received gpay@okaxis,Customer_724
UPI20260917101657,2026-09-17,CREDIT,209.68,CUSTOMER_RECEIPT,UPI-QR Payment received paytm@upi,Customer_124
UPI20260917587467,2026-09-17,CREDIT,199.26,CUSTOMER_RECEIPT,UPI-QR Payment received paytm@upi,Customer_855
UPI20260917687638,2026-09-17,DEBIT,1267.31,BUSINESS_EXPENSE,"Inventory purchase (Tea, milk, spices, packaging)",subzi_mandi@axis
UPI20260917745197,2026-09-17,CREDIT,223.6,CUSTOMER_RECEIPT,UPI-QR Payment received bharatpe@icici,Customer_523
UPI20260917989265,2026-09-17,CREDIT,198.81,CUSTOMER_RECEIPT,UPI-QR Payment received gpay@okaxis,Customer_918
UPI20260918106429,2026-09-18,CREDIT,175.68,CUSTOMER_RECEIPT,UPI-QR Payment received paytm@upi,Customer_802
UPI20260918284160,2026-09-18,CREDIT,10.0,CUSTOMER_RECEIPT,UPI-QR Payment received gpay@okaxis,Customer_438
UPI20260918310960,2026-09-18,CREDIT,113.72,CUSTOMER_RECEIPT,UPI-QR Payment received phonepe@ybl,Customer_360
UPI20260918414870,2026-09-18,CREDIT,31.69,CUSTOMER_RECEIPT,UPI-QR Payment received phonepe@ybl,Customer_885
UPI20260918449472,2026-09-18,CREDIT,69.5,CUSTOMER_RECEIPT,UPI-QR Payment received phonepe@ybl,Customer_505
UPI20260918859584,2026-09-18,CREDIT,10.0,CUSTOMER_RECEIPT,UPI-QR Payment received paytm@upi,Customer_952
UPI20260918928580,2026-09-18,CREDIT,164.74,CUSTOMER_RECEIPT,UPI-QR Payment received paytm@upi,Customer_415
UPI20260918974329,2026-09-18,CREDIT,41.0,CUSTOMER_RECEIPT,UPI-QR Payment received phonepe@ybl,Customer_788
UPI20260919262934,2026-09-19,CREDIT,557.81,CUSTOMER_RECEIPT,UPI-QR Payment received bharatpe@icici,Customer_985
UPI20260919663051,2026-09-19,CREDIT,704.83,CUSTOMER_RECEIPT,UPI-QR Payment received phonepe@ybl,Customer_573
UPI20260919777015,2026-09-19,CREDIT,696.93,CUSTOMER_RECEIPT,UPI-QR Payment received gpay@okaxis,Customer_593
UPI20260920661916,2026-09-20,CREDIT,72.61,CUSTOMER_RECEIPT,UPI-QR Payment received paytm@upi,Customer_313
UPI20260920860180,2026-09-20,CREDIT,264.09,CUSTOMER_RECEIPT,UPI-QR Payment received phonepe@ybl,Customer_668
UPI20260920934438,2026-09-20,DEBIT,1919.35,BUSINESS_EXPENSE,"Inventory purchase (Tea, milk, spices, packaging)",dairy_distributor@icici
UPI20260920975671,2026-09-20,CREDIT,331.51,CUSTOMER_RECEIPT,UPI-QR Payment received phonepe@ybl,Customer_678
UPI20260921394083,2026-09-21,CREDIT,75.47,CUSTOMER_RECEIPT,UPI-QR Payment received paytm@upi,Customer_447
UPI20260921493468,2026-09-21,CREDIT,107.99,CUSTOMER_RECEIPT,UPI-QR Payment received gpay@okaxis,Customer_684
UPI20260921724103,2026-09-21,CREDIT,47.29,CUSTOMER_RECEIPT,UPI-QR Payment received paytm@upi,Customer_985
UPI20260921735111,2026-09-21,CREDIT,17.6,CUSTOMER_RECEIPT,UPI-QR Payment received bharatpe@icici,Customer_291
UPI20260922349185,2026-09-22,CREDIT,1237.27,CUSTOMER_RECEIPT,UPI-QR Payment received phonepe@ybl,Customer_562
UPI20260922533973,2026-09-22,CREDIT,257.0,CUSTOMER_RECEIPT,UPI-QR Payment received paytm@upi,Customer_608
UPI20260922650607,2026-09-22,CREDIT,198.72,CUSTOMER_RECEIPT,UPI-QR Payment received phonepe@ybl,Customer_279
UPI20260922844321,2026-09-22,CREDIT,176.13,CUSTOMER_RECEIPT,UPI-QR Payment received paytm@upi,Customer_378
UPI20260922969749,2026-09-22,CREDIT,522.45,CUSTOMER_RECEIPT,UPI-QR Payment received phonepe@ybl,Customer_321
UPI20260923565330,2026-09-23,CREDIT,289.38,CUSTOMER_RECEIPT,UPI-QR Payment received paytm@upi,Customer_918
UPI20260923606109,2026-09-23,CREDIT,440.8,CUSTOMER_RECEIPT,UPI-QR Payment received gpay@okaxis,Customer_294
UPI20260923868020,2026-09-23,DEBIT,2093.09,BUSINESS_EXPENSE,"Inventory purchase (Tea, milk, spices, packaging)",subzi_mandi@axis
UPI20260923915572,2026-09-23,CREDIT,156.52,CUSTOMER_RECEIPT,UPI-QR Payment received gpay@okaxis,Customer_194
UPI20260924250255,2026-09-24,CREDIT,21.11,CUSTOMER_RECEIPT,UPI-QR Payment received paytm@upi,Customer_941
UPI20260924426087,2026-09-24,CREDIT,142.17,CUSTOMER_RECEIPT,UPI-QR Payment received paytm@upi,Customer_803
UPI20260924506415,2026-09-24,CREDIT,81.15,CUSTOMER_RECEIPT,UPI-QR Payment received paytm@upi,Customer_104
UPI20260924641218,2026-09-24,CREDIT,88.4,CUSTOMER_RECEIPT,UPI-QR Payment received gpay@okaxis,Customer_310
UPI20260924859767,2026-09-24,CREDIT,306.91,CUSTOMER_RECEIPT,UPI-QR Payment received paytm@upi,Customer_570
UPI20260925208111,2026-09-25,CREDIT,249.71,CUSTOMER_RECEIPT,UPI-QR Payment received phonepe@ybl,Customer_123
UPI20260925320039,2026-09-25,CREDIT,126.74,CUSTOMER_RECEIPT,UPI-QR Payment received phonepe@ybl,Customer_305
UPI20260925658131,2026-09-25,DEBIT,1201.19,BUSINESS_EXPENSE,"Inventory purchase (Tea, milk, spices, packaging)",dairy_distributor@icici
UPI20260925705615,2026-09-25,CREDIT,57.46,CUSTOMER_RECEIPT,UPI-QR Payment received phonepe@ybl,Customer_754
UPI20260926115997,2026-09-26,CREDIT,10.0,CUSTOMER_RECEIPT,UPI-QR Payment received paytm@upi,Customer_311
UPI20260926130401,2026-09-26,DEBIT,871.02,BUSINESS_EXPENSE,"Inventory purchase (Tea, milk, spices, packaging)",dairy_distributor@icici
UPI20260926223365,2026-09-26,CREDIT,66.15,CUSTOMER_RECEIPT,UPI-QR Payment received phonepe@ybl,Customer_252
UPI20260926265146,2026-09-26,CREDIT,10.0,CUSTOMER_RECEIPT,UPI-QR Payment received phonepe@ybl,Customer_217
UPI20260926356717,2026-09-26,CREDIT,57.64,CUSTOMER_RECEIPT,UPI-QR Payment received gpay@okaxis,Customer_172
UPI20260926426503,2026-09-26,CREDIT,458.87,CUSTOMER_RECEIPT,UPI-QR Payment received phonepe@ybl,Customer_653
UPI20260926433955,2026-09-26,CREDIT,51.81,CUSTOMER_RECEIPT,UPI-QR Payment received phonepe@ybl,Customer_244
UPI20260926668882,2026-09-26,CREDIT,289.47,CUSTOMER_RECEIPT,UPI-QR Payment received phonepe@ybl,Customer_662
UPI20260926838568,2026-09-26,CREDIT,118.58,CUSTOMER_RECEIPT,UPI-QR Payment received phonepe@ybl,Customer_687
UPI20260927190302,2026-09-27,CREDIT,253.64,CUSTOMER_RECEIPT,UPI-QR Payment received bharatpe@icici,Customer_501
UPI20260927211072,2026-09-27,CREDIT,135.58,CUSTOMER_RECEIPT,UPI-QR Payment received bharatpe@icici,Customer_155
UPI20260927287677,2026-09-27,CREDIT,931.18,CUSTOMER_RECEIPT,UPI-QR Payment received bharatpe@icici,Customer_731
UPI20260928238197,2026-09-28,CREDIT,340.21,CUSTOMER_RECEIPT,UPI-QR Payment received paytm@upi,Customer_932
UPI20260928847528,2026-09-28,CREDIT,386.75,CUSTOMER_RECEIPT,UPI-QR Payment received paytm@upi,Customer_873
UPI20260928901561,2026-09-28,CREDIT,43.17,CUSTOMER_RECEIPT,UPI-QR Payment received bharatpe@icici,Customer_681
UPI20260928941325,2026-09-28,CREDIT,128.48,CUSTOMER_RECEIPT,UPI-QR Payment received bharatpe@icici,Customer_199
